city_id,name,bare_name,province,is_kota,latitude,longitude,population,postal_codes
1,Kota Tebing Tinggi,Tebing Tinggi,SUMATERA UTARA,1,3.325,99.14167,177785,20611|20612|20613|20614|20615|20616|20621|20622|20623|20624|20625|20626|20627|20628|20631|20632|20633|20634|20636
2,Kabupaten Tapanuli Tengah,Tapanuli Tengah,SUMATERA UTARA,0,1.9,98.66667,374734,22562|22563|22564|22565|22611|22612|22613|22614|22615|22616|22617|22618|22651|22654
3,Kota Tanjung Balai,Tanjung Balai,SUMATERA UTARA,1,2.95,99.8,179748,21311|21312|21313|21314|21315|21316|21321|21322|21323|21324|21325|21331|21332|21333|21334|21335|21341|21342|21343|21344|21345|21361|21362|21364|21365|21366|21367|21368|21369
4,Kabupaten Simalungun,Simalungun,SUMATERA UTARA,0,2.88333,98.96667,1021615,21151|21153|21154|21155|21156|21157|21161|21162|21163|21165|21167|21168|21171|21172|21173|21174|21181|21182|21183|21184|21186|21187
5,Kota Sibolga,Sibolga,SUMATERA UTARA,1,1.74333,98.78694,84481,22511|22512|22513|22514|22521|22522|22523|22524|22531|22532|22533|22534|22535|22536|22537|22538
6,Kota Sabang,Sabang,ACEH,1,5.87944,95.33223,37486,23511|23512|23513|23514|23515|23516|23517|23518|23521|23522|23523|23524|23525|23526|23527|23528|23529
7,Kota Pematang Siantar,Pematang Siantar,SUMATERA UTARA,1,2.96667,99.06667,234698,21111|21112|21113|21114|21115|21116|21117|21118|21121|21122|21123|21124|21125|21126|21127|21128|21129|21131|21132|21133|21134|21135|21136|21137|21139|21141|21142|21143|21144|21145|21146|21147
8,Kabupaten Nias,Nias,SUMATERA UTARA,0,1.06667,97.73333,138360,22815|22851|22852|22854|22861|22871|22872|22876
9,Kota Medan,Medan,SUMATERA UTARA,1,3.59333,98.66944,2246142,20111|20112|20113|20114|20115|20116|20117|20118|20119|20121|20122|20123|20124|20125|20126|20127|20128|20131|20132|20133|20134|20135|20136|20137|20138|20141|20142|20143|20144|20145|20146|20147|20148|20149|20151|20152|20153|20154|20155|20156|20157|20158|20159|20211|20212|20213|20214|20215|20216|20217|20218|20219|20221|20222|20223|20224|20225|20226|20227|20228|20229|20231|20232|20233|20234|20235|20236|20237|20238|20239|20241|20242|20243|20244|20245|20250|20251|20252|20253|20254|20255|20256|20411|20412|20414|20415|20524|20525
10,Kabupaten Langkat,Langkat,SUMATERA UTARA,0,3.68528,98.21972,1027258,20761|20762|20771|20772|20773|20774|20811|20812|20813|20815|20816|20851|20852|20853|20854|20855|20856|20857|20858|20859|20881
11,Kabupaten Labuhan Batu,Labuhan Batu,SUMATERA UTARA,0,2.26667,100.1,445254,21411|21412|21413|21414|21415|21416|21417|21418|21419|21421|21422|21423|21424|21425|21426|21427|21428|21429|21451|21462|21471|21472|21473
12,Kabupaten Karo,Karo,SUMATERA UTARA,0,3.1,98.3,381603,22111|22112|22113|22114|22115|22152|22153|22154|22155|22161|22162|22163|22164|22165|22171|22172|22173
13,Kabupaten Deli Serdang,Deli Serdang,SUMATERA UTARA,0,3.43333,98.7,1886915,20351|20353|20354|20355|20356|20357|20358|20361|20362|20363|20371|20372|20373|20374|20511|20512|20513|20514|20515|20516|20517|20518|20551|20552|20553|20581|20582|20583|20585
14,Kabupaten Dairi,Dairi,SUMATERA UTARA,0,2.85,98.26667,283335,22211|22212|22213|22214|22215|22216|22217|22218|22219|22251|22252|22253|22254|22261|22262|22263|22281|22282|22283
15,Kota Banda Aceh,Banda Aceh,ACEH,1,5.55556,95.32639,257635,23111|23112|23114|23115|23116|23117|23118|23119|23121|23122|23123|23124|23125|23126|23127|23128|23129|23230|23231|23232|23233|23234|23235|23236|23238|23239|23241|23242|23243|23244|23245|23246|23247|23248|23249
16,Kabupaten Asahan,Asahan,SUMATERA UTARA,0,2.83333,99.56667,710498,21211|21212|21213|21214|21215|21216|21217|21218|21219|21221|21222|21223|21224|21225|21226|21227|21228|21229|21261|21262|21263|21264|21271|21272|21273|21274|21352|21381
17,Kabupaten Aceh Utara,Aceh Utara,ACEH,0,4.97,97.14,614600,24313|24352|24354|24355|24371|24372|24373|24374|24376|24377|24381|24382|24385|24386|24391|24392|24393|24394
18,Kabupaten Aceh Timur,Aceh Timur,ACEH,0,4.61667,97.71667,379455,24452|24453|24454|24455|24456|24457|24458|24461
19,Kabupaten Aceh Tenggara,Aceh Tenggara,ACEH,0,3.33333,97.7,228308,24651|24652|24653|24661|24671|24673|24678
20,Kabupaten Aceh Tengah,Aceh Tengah,ACEH,0,4.51,96.855,218684,24511|24512|24513|24514|24515|24516|24517|24518|24519|24552|24561|24562|24563|24568|24571
21,Kabupaten Aceh Selatan,Aceh Selatan,ACEH,0,3.16667,97.4,237376,23711|23712|23713|23714|23715|23716|23717|23718|23752|23753|23754|23755|23757|23758|23761|23771|23772|23773|23774|23776
22,Kabupaten Aceh Besar,Aceh Besar,ACEH,0,5.4,95.5,414490,23351|23352|23353|23354|23361|23362|23363|23371|23372|23373|23381|23391|23911|23912|23913|23915|23917|23918|23919|23951|23952
23,Kabupaten Aceh Barat,Aceh Barat,ACEH,0,4.43333,96.16667,202858,23611|23612|23613|23614|23615|23616|23617|23618|23652|23654|23681|23682|23683
24,Kota Yogyakarta,Yogyakarta,DI YOGYAKARTA,1,-7.8,110.375,373589,55111|55112|55121|55122|55131|55132|55133|55141|55142|55143|55151|55152|55153|55161|55162|55163|55164|55165|55166|55167|55171|55172|55173|55211|55212|55213|55221|55222|55223|55224|55225|55231|55232|55233|55241|55242|55243|55244|55251|55252|55253|55261|55262|55271|55272
25,Kabupaten Waropen,Waropen,PAPUA,0,-2.73008,136.64568,34414,98261|98262|98263
26,Kabupaten Wonogiri,Wonogiri,JAWA TENGAH,0,-7.91667,111.0,1096138,57611|57612|57613|57614|57615|57652|57661|57662|57663|57664|57671|57672|57673|57674|57675|57677|57678|57681|57682|57683|57691|57692|57693|57694|57695|57696|57697|57698
27,Kabupaten Wajo,Wajo,SULAWESI SELATAN,0,-4.0,120.16667,379706,90911|90912|90913|90914|90915|90916|90917|90918|90951|90952|90953|90954|90961|90971|90981|90982|90983|90984|90991|90992|90993
28,Kota Makassar,Makassar,SULAWESI SELATAN,1,-5.13333,119.46667,1432189,90111|90112|90113|90114|90115|90121|90122|90123|90125|90126|90131|90132|90133|90134|90135|90141|90142|90143|90144|90145|90151|90152|90153|90154|90155|90156|90157|90161|90162|90163|90164|90165|90166|90167|90168|90171|90172|90173|90174|90211|90212|90213|90214|90215|90216|90217|90221|90222|90223|90224|90225|90231|90232|90233|90234|90235|90241|90242|90243|90244|90245
29,Kabupaten Tulungagung,Tulungagung,JAWA TIMUR,0,-8.13333,111.91667,990158,66212|66213|66214|66215|66216|66217|66218|66219|66221|66222|66223|66224|66225|66226|66227|66228|66229|66231|66232|66233|66234|66235|66252|66253|66254|66261|66262|66263|66272|66273|66274|66275|66281|66283|66284|66291|66292|66293
30,Kabupaten Tuban,Tuban,JAWA TIMUR,0,-6.95,111.89167,1118464,62311|62312|62313|62314|62315|62316|62317|62318|62319|62352|62353|62354|62355|62356|62357|62361|62362|62363|62364|62365|62366|62371|62372|62381|62382|62383|62391
31,Kabupaten Trenggalek,Trenggalek,JAWA TIMUR,0,-8.15972,111.62639,674411,66311|66312|66313|66314|66315|66316|66317|66318|66319|66351|66352|66361|66362|66363|66364|66365|66371|66372|66373|66381|66382
32,Kabupaten Timor Tengah Utara,Timor Tengah Utara,NUSA TENGGARA TIMUR,0,-9.33136,124.51904,268067,85611|85612|85613|85614|85615|85616|85617|85651|85661|85671|85681|85682
33,Kabupaten Timor Tengah Selatan,Timor Tengah Selatan,NUSA TENGGARA TIMUR,0,-9.83333,124.4,460116,85511|85514|85515|85516|85517|85519|85551|85552|85561|85562|85563|85571|85572|85573|85574|85575
34,Kabupaten Temanggung,Temanggung,JAWA TENGAH,0,-7.25,110.13333,790174,56211|56212|56213|56214|56215|56216|56217|56218|56221|56222|56223|56224|56225|56226|56227|56228|56229|56252|56253|56254|56255|56256|56257|56258|56259|56261|56262|56263|56264|56265|56266|56271|56272|56281|56282|56283
35,Kabupaten Tegal,Tegal,JAWA TENGAH,0,-7.03333,109.16667,1458226,52111|52112|52114|52115|52117|52121|52122|52123|52124|52125|52131|52132|52133|52134|52135|52136|52137|52138|52141|52143|52144|52146|52147|52181|52182|52183|52184|52192|52193|52194|52411|52412|52413|52414|52415|52416|52418|52419|52451|52461|52462|52463|52464|52465|52466|52471|52472|52473
36,Kota Tasikmalaya,Tasikmalaya,JAWA BARAT,1,-7.35472,108.22139,669824,46111|46112|46113|46114|46115|46121|46122|46123|46124|46125|46126|46131|46132|46133|46134|46151|46153|46155|46156|46158|46168|46175|46181|46182|46183|46184|46185|46186|46187|46188|46189|46192|46193|46194|46195|46196|46197|46198|46411|46412|46413|46414|46415|46416|46417|46418|46461|46462|46463|46464|46465|46466|46471|46473|46474|46475
37,Kabupaten Tasikmalaya,Tasikmalaya,JAWA BARAT,0,-7.5,108.15,1752628,46111|46112|46113|46114|46115|46121|46122|46123|46124|46125|46126|46131|46132|46133|46134|46151|46153|46155|46156|46158|46168|46175|46181|46182|46183|46184|46185|46186|46187|46188|46189|46192|46193|46194|46195|46196|46197|46198|46411|46412|46413|46414|46415|46416|46417|46418|46461|46462|46463|46464|46465|46466|46471|46473|46474|46475
38,Kabupaten Tapin,Tapin,KALIMANTAN SELATAN,0,-2.96667,115.03333,194628,71111|71112|71113|71114|71152|71153|71154|71161|71162|71171|71181|71183|71184|71185|71191
39,Kota Bandar Lampung,Bandar Lampung,LAMPUNG,1,-5.41667,105.26667,1209937,35111|35112|35113|35115|35116|35117|35118|35119|35121|35122|35123|35124|35125|35126|35127|35128|35129|35131|35132|35133|35134|35135|35136|35141|35142|35143|35144|35145|35146|35147|35148|35149|35151|35152|35153|35154|35155|35156|35157|35158|35159|35211|35212|35213|35214|35215|35221|35222|35223|35224|35225|35226|35227|35228|35229|35231|35232|35233|35234|35235|35236|35237|35238|35239|35241|35242|35243|35244|35245|35246
40,Kabupaten Tangerang,Tangerang,BANTEN,0,-6.16667,106.48333,1930556,15111|15112|15113|15114|15115|15116|15117|15118|15119|15121|15122|15123|15124|15125|15126|15127|15128|15129|15131|15132|15133|15134|15135|15136|15137|15138|15139|15141|15142|15143|15144|15145|15146|15147|15148|15151|15152|15153|15154|15155|15156|15157|15158|15159|15211|15212|15213|15214|15215|15330|15331|15332|15334|15335|15336|15337|15338|15339|15340|15341|15342|15343|15344|15345|15510|15520|15530|15540|15550|15560|15570|15610|15620|15710|15720|15730|15810|15820
41,Kabupaten Tana Toraja,Tana Toraja,SULAWESI SELATAN,0,-3.05671,119.7617,291046,91811|91812|91813|91814|91815|91817|91854|91856|91861|91862|91871|91872|91873|91881
42,Kabupaten Tanah Laut,Tanah Laut,KALIMANTAN SELATAN,0,-3.85,114.83333,361044,70812|70814|70815|70852|70853|70854|70861|70871|70881|70882|70883
43,Kabupaten Takalar,Takalar,SULAWESI SELATAN,0,-5.41667,119.5,305077,92211|92221|92231|92232|92252|92254|92255|92261
44,Kabupaten Tabanan,Tabanan,BALI,0,-8.43333,115.08333,461630,82111|82112|82113|82114|82115|82121|82123|82152|82161|82162|82163|82181|82191
45,Kabupaten Tabalong,Tabalong,KALIMANTAN SELATAN,0,-1.83333,115.55,261353,71512|71513|71514|71515|71552|71553|71554|71555|71561|71571|71572|71573|71574|71575|72167
46,Kota Surakarta,Surakarta,JAWA TENGAH,1,-7.55806,110.82333,523008,57116|57118|57121|57122|57125|57126|57127|57128|57129|57131|57132|57133|57134|57135|57136|57137|57138|57139|57141|57142|57143|57144|57145|57146|57147|57148|57149|57151|57152|57153|57154|57155|57156|57157|57162|57191|57199
47,Kota Surabaya,Surabaya,JAWA TIMUR,1,-7.275,112.71667,2765487,60111|60112|60113|60114|60115|60116|60117|60118|60119|60121|60122|60123|60124|60125|60126|60127|60128|60129|60131|60132|60133|60134|60135|60136|60137|60138|60141|60142|60143|60144|60145|60151|60152|60153|60154|60155|60161|60162|60163|60164|60165|60171|60172|60173|60174|60175|60176|60177|60178|60179|60182|60183|60184|60185|60186|60187|60188|60189|60191|60192|60193|60195|60196|60197|60198|60199|60211|60212|60213|60214|60215|60216|60217|60218|60219|60221|60222|60223|60224|60225|60226|60227|60228|60229|60231|60232|60233|60234|60235|60236|60237|60238|60239|60241|60242|60243|60244|60245|60246|60251|60252|60253|60254|60255|60256|60261|60262|60263|60264|60265|60271|60272|60273|60274|60275|60281|60282|60283|60284|60285|60286|60291|60292|60293|60294|60295|60296|60297|60298|60299
48,Kabupaten Sumedang,Sumedang,JAWA BARAT,0,-6.83333,107.98333,1143500,45311|45313|45314|45315|45321|45322|45323|45353|45354|45355|45356|45361|45362|45363|45364|45365|45366|45371|45372|45373|45375|45376|45377|45381|45382|45383|45391|45392|45393
49,Kabupaten Sumba Timur,Sumba Timur,NUSA TENGGARA TIMUR,0,-9.88167,120.215,248776,87111|87112|87113|87114|87115|87116|87152|87153|87161|87171|87172|87181|87182
50,Kabupaten Sumba Barat,Sumba Barat,NUSA TENGGARA TIMUR,0,-9.63333,119.41667,110993,87211|87212|87213|87214|87215|87216|87217|87257|87271|87272|87284
51,Kabupaten Sukoharjo,Sukoharjo,JAWA TENGAH,0,-7.67889,110.86389,907587,57161|57163|57164|57165|57166|57168|57169|57511|57512|57513|57514|57516|57519|57521|57524|57527|57528|57551|57552|57554|57555|57556|57557|57561|57562|57563|57571
52,Kota Sukabumi,Sukabumi,JAWA BARAT,1,-6.93333,106.93333,311628,43111|43112|43113|43114|43115|43116|43121|43122|43123|43131|43132|43133|43134|43135|43141|43142|43143|43144|43145|43151|43152|43153|43154|43155|43156|43157|43161|43162|43165|43166|43167|43168|43169|43171|43172|43173|43174|43175|43176|43177|43178|43179|43181|43182|43183|43184|43185|43186|43187|43191|43192|43193|43194|43196|43197|43351|43353|43354|43355|43356|43357|43358|43359|43361|43362|43363|43364|43365|43366|43367|43368
53,Kabupaten Sukabumi,Sukabumi,JAWA BARAT,0,-7.07278,106.74333,2442062,43111|43112|43113|43114|43115|43116|43121|43122|43123|43131|43132|43133|43134|43135|43141|43142|43143|43144|43145|43151|43152|43153|43154|43155|43156|43157|43161|43162|43165|43166|43167|43168|43169|43171|43172|43173|43174|43175|43176|43177|43178|43179|43181|43182|43183|43184|43185|43186|43187|43191|43192|43193|43194|43196|43197|43351|43353|43354|43355|43356|43357|43358|43359|43361|43362|43363|43364|43365|43366|43367|43368
54,Kota Solok,Solok,SUMATERA BARAT,1,-0.77853,100.63982,73438,27311|27312|27313|27314|27315|27316|27317|27321|27322|27323|27324|27325|27326|27355|27356|27361|27365|27371|27372|27373|27381|27383|27387|27388
55,Kabupaten Solok,Solok,SUMATERA BARAT,0,-0.96667,100.83333,391497,27311|27312|27313|27314|27315|27316|27317|27321|27322|27323|27324|27325|27326|27355|27356|27361|27365|27371|27372|27373|27381|27383|27387|27388
56,Kabupaten Sintang,Sintang,KALIMANTAN BARAT,0,-0.08333,112.08333,423674,78611|78612|78613|78614|78615|78616|78617|78618|78619|78652|78653|78654|78655|78656|78661|78662|78663|78683|78684|78691|78693|78694
57,Kabupaten Sinjai,Sinjai,SULAWESI SELATAN,0,-5.2,120.13333,263827,91671|92611|92612|92613|92614|92615|92616|92652|92653|92654|92661|92662|92671
58,Kabupaten Sikka,Sikka,NUSA TENGGARA TIMUR,0,-8.68333,122.33333,326999,86111|86112|86113|86114|86115|86116|86118|86152|86153|86161|86171|86181|86183|86215
59,Kabupaten Sidoarjo,Sidoarjo,JAWA TIMUR,0,-7.45,112.7,1941497,61212|61213|61214|61215|61216|61217|61218|61219|61223|61224|61225|61226|61228|61231|61233|61234|61252|61253|61254|61256|61257|61258|61261|61262|61263|61264|61265|61271|61272|61273|61274|61275|61276
60,Kabupaten Seruyan,Seruyan,KALIMANTAN TENGAH,0,-2.55,112.25,162906,74213|74214|74215|74261|74271|74281|74291
61,Kabupaten Serang,Serang,BANTEN,0,-6.15,105.96667,1678915,42111|42112|42113|42114|42115|42116|42117|42118|42119|42121|42122|42123|42124|42125|42126|42127|42128|42161|42162|42163|42164|42165|42166|42167|42168|42171|42172|42173|42174|42175|42176|42177|42178|42181|42182|42183|42184|42185|42186|42191|42192|42193|42194|42195|42196|42453|42454|42455
62,Kota Semarang,Semarang,JAWA TENGAH,1,-7.025,110.385,1659975,50111|50112|50113|50115|50116|50117|50118|50122|50123|50124|50125|50126|50131|50132|50133|50134|50135|50137|50138|50139|50141|50144|50145|50146|50147|50148|50149|50151|50152|50154|50155|50156|50162|50163|50164|50166|50171|50172|50173|50174|50175|50176|50177|50178|50179|50181|50182|50183|50184|50185|50186|50187|50188|50189|50192|50194|50196|50197|50198|50199|50211|50212|50213|50214|50215|50216|50217|50218|50219|50221|50222|50223|50224|50225|50226|50227|50228|50229|50231|50232|50233|50235|50237|50241|50242|50244|50245|50246|50248|50249|50252|50253|50254|50255|50256|50257|50261|50262|50263|50264|50265|50266|50267|50268|50269|50271|50272|50273|50274|50275|50276|50277|50278|50279|50511|50512|50513|50514|50515|50516|50517|50518|50519|50551|50552|50611|50612|50613|50614|50661|50662|50663|50664|50771|50772|50773|50774|50775|50776|50777
63,Kota Sawah Lunto,Sawah Lunto,SUMATERA BARAT,1,-0.6,100.75,65138,27411|27412|27413|27415|27416|27418|27419|27421|27422|27423|27424|27425|27427|27431|27432|27433|27434|27435|27441|27442|27443|27444|27445|27446|27447|27448|27449
64,Kabupaten Sarolangun,Sarolangun,JAMBI,0,-2.26667,102.73333,290047,37382|37481|37482|37485|37491|37492
65,Kabupaten Kepulauan Sangihe,Kepulauan Sangihe,SULAWESI UTARA,0,3.55,125.55,126100,95811|95812|95813|95814|95815|95816|95817|95818|95852|95853|95854|95855|95856|95857|95858
66,Kabupaten Sanggau,Sanggau,KALIMANTAN BARAT,0,0.21667,110.46667,492989,78511|78512|78513|78514|78515|78516|78552|78553|78554|78555|78556|78557|78561|78562|78563|78564|78571|78572|78581|78591
67,Kabupaten Sampang,Sampang,JAWA TIMUR,0,-7.05,113.25,877772,69212|69215|69216|69252|69253|69254|69261|69262|69263|69271|69272|69273|69281|69291
68,Kabupaten Sambas,Sambas,KALIMANTAN BARAT,0,1.43333,109.35,496120,79154|79417|79452|79453|79454|79461|79462|79463|79465|79466|79467
69,Kota Samarinda,Samarinda,KALIMANTAN TIMUR,1,-0.5,117.14,834824,75111|75112|75113|75114|75115|75116|75117|75118|75119|75121|75122|75123|75124|75125|75126|75127|75128|75131|75133|75241|75242|75243|75253|77111
70,Kabupaten Rembang,Rembang,JAWA TENGAH,0,-6.78333,111.46667,650770,59211|59212|59213|59214|59215|59217|59218|59219|59252|59253|59254|59255|59261|59262|59263|59264|59265|59271|59272|59273|59274
71,Kabupaten Rejang Lebong,Rejang Lebong,BENGKULU,0,-3.41667,102.71667,281281,39111|39112|39113|39114|39115|39116|39117|39118|39119|39121|39123|39124|39125|39152|39153|39182|39183
72,Kabupaten Purworejo,Purworejo,JAWA TENGAH,0,-7.7,109.96667,741866,54112|54113|54114|54115|54116|54117|54118|54119|54151|54171|54172|54173|54174|54175|54181|54183|54191|54211|54212|54214|54215|54222|54223|54224|54251|54261|54262|54263|54264|54265
73,Kabupaten Purwakarta,Purwakarta,JAWA BARAT,0,-6.6,107.43333,873804,41111|41112|41113|41114|41115|41116|41117|41118|41119|41151|41152|41161|41162|41163|41164|41165|41166|41167|41171|41172|41174|41175|41181
74,Kota Probolinggo,Probolinggo,JAWA TIMUR,1,-7.775,113.20833,217062,67211|67212|67213|67214|67215|67216|67217|67218|67219|67221|67222|67223|67224|67225|67226|67227|67228|67229|67231|67232|67233|67236|67237|67238|67239|67251|67252|67253|67254|67255|67261|67262|67263|67271|67272|67273|67274|67275|67276|67281|67282|67283|67284|67287|67288|67291|67292|67293
75,Kabupaten Probolinggo,Probolinggo,JAWA TIMUR,0,-7.85,113.3,1096244,67211|67212|67213|67214|67215|67216|67217|67218|67219|67221|67222|67223|67224|67225|67226|67227|67228|67229|67231|67232|67233|67236|67237|67238|67239|67251|67252|67253|67254|67255|67261|67262|67263|67271|67272|67273|67274|67275|67276|67281|67282|67283|67284|67287|67288|67291|67292|67293
76,Kabupaten Poso,Poso,SULAWESI TENGAH,0,-1.68333,120.51667,252650,94611|94612|94613|94614|94615|94616|94617|94618|94619|94652|94653|94654|94661|94663|94664
77,Kota Pontianak,Pontianak,KALIMANTAN BARAT,1,0.00832,109.33146,669795,78111|78112|78113|78114|78115|78116|78117|78121|78122|78123|78124|78132|78137|78231|78233|78234|78235|78236|78241|78242|78243|78244|78351|78353|78361|78371|78911|78912|78913|78914|78915|78916|78917|78918|78919
78,Kabupaten Ponorogo,Ponorogo,JAWA TIMUR,0,-7.93333,111.5,855281,63411|63412|63413|63414|63415|63416|63417|63418|63419|63451|63453|63454|63455|63456|63461|63462|63463|63464|63471|63472|63473|63474|63475|63481|63482|63491|63492|63493
79,Kabupaten Polewali Mandar,Polewali Mandar,SULAWESI BARAT,0,-3.31667,119.15,490493,91311|91312|91313|91314|91315|91351|91352|91353|91354|91355|91412|91413|96365
80,Kabupaten Pinrang,Pinrang,SULAWESI SELATAN,0,-3.61667,119.6,411795,91211|91212|91213|91214|91215|91216|91217|91218|91219|91221|91252|91253|91254|91256|91261|91262|91271|91272
81,Kabupaten Pesisir Selatan,Pesisir Selatan,SUMATERA BARAT,0,-1.56806,100.81694,516518,25651|25652|25654|25661|25662|25663|25666|25668|25673|25674
82,Kabupaten Pemalang,Pemalang,JAWA TENGAH,0,-7.05,109.38333,1500754,52311|52312|52313|52314|52315|52316|52317|52318|52319|52352|52353|52354|52355|52356|52357|52361|52362|52363|52364|52365|52371
83,Kota Pekanbaru,Pekanbaru,RIAU,1,0.55,101.48333,1007540,28111|28112|28114|28115|28116|28121|28122|28123|28124|28125|28126|28127|28128|28131|28141|28142|28143|28144|28151|28152|28153|28154|28155|28156|28261|28262|28263|28264|28265|28266|28267|28281|28282|28284|28285|28286|28287|28288|28289|28291|28292|28293|28294
84,Kota Pekalongan,Pekalongan,JAWA TENGAH,1,-6.89333,109.67583,309742,51111|51112|51113|51116|51117|51118|51119|51122|51123|51124|51126|51127|51128|51129|51132|51133|51134|51135|51136|51137|51138|51139|51141|51143|51144|51145|51146|51147|51148|51149|51151|51152|51153|51155|51156|51161|51162|51163|51164|51171|51173|51174|51181|51182|51183|51191|51192|51193
85,Kota Payakumbuh,Payakumbuh,SUMATERA BARAT,1,-0.21667,100.63333,139576,26211|26212|26213|26214|26215|26216|26217|26218|26219|26221|26222|26223|26224|26225|26226|26227|26228|26229|26231|26232|26233|26235|26236|26237
86,Kabupaten Pati,Pati,JAWA TENGAH,0,-6.73333,111.08333,1324188,59111|59112|59113|59114|59115|59116|59117|59118|59119|59152|59153|59154|59155|59156|59157|59158|59161|59162|59163|59171|59172|59173|59174|59181|59182|59183|59184|59185|59186
87,Kota Pasuruan,Pasuruan,JAWA TIMUR,1,-7.65,112.90833,186262,67111|67112|67113|67114|67115|67116|67117|67118|67123|67124|67125|67126|67127|67128|67129|67131|67132|67133|67134|67135|67136|67137|67138|67139|67151|67152|67153|67154|67155|67156|67157|67161|67162|67163|67165|67171|67172|67173|67174|67175|67176|67177|67181|67182|67183|67184|67185|67186
88,Kabupaten Pasuruan,Pasuruan,JAWA TIMUR,0,-7.75,112.83333,1512468,67111|67112|67113|67114|67115|67116|67117|67118|67123|67124|67125|67126|67127|67128|67129|67131|67132|67133|67134|67135|67136|67137|67138|67139|67151|67152|67153|67154|67155|67156|67157|67161|67162|67163|67165|67171|67172|67173|67174|67175|67176|67177|67181|67182|67183|67184|67185|67186
89,Kota Parepare,Parepare,SULAWESI SELATAN,1,-4.03333,119.66667,154854,91111|91112|91113|91114|91121|91122|91123|91125|91131|91132|91133
90,Kota Pangkal Pinang,Pangkal Pinang,KEPULAUAN BANGKA BELITUNG,1,-2.11667,106.11667,216893,33111|33113|33115|33116|33117|33118|33119|33121|33123|33124|33125|33127|33132|33133|33134|33135|33136|33137|33138|33139|33141|33142|33143|33145|33146|33147|33148|33149
91,Kabupaten Pandeglang,Pandeglang,BANTEN,0,-6.49861,105.89167,1324188,42211|42212|42213|42214|42215|42216|42217|42218|42219|42251|42252|42253|42261|42262|42263|42264|42265|42271|42272|42273|42274|42275|42276|42277|42281|42282|42283|42284|42285|42286
92,Kabupaten Situbondo,Situbondo,JAWA TIMUR,0,-7.68333,114.03333,647619,68311|68312|68313|68314|68315|68316|68321|68322|68323|68351|68352|68353|68354|68355|68356|68357|68358|68359|68362|68363|68371|68372|68373|68374
93,Kabupaten Pamekasan,Pamekasan,JAWA TIMUR,0,-7.06667,113.5,795918,69311|69312|69314|69316|69317|69321|69323|69352|69353|69354|69355|69356|69361|69362|69363|69371|69382|69383
94,Kota Palu,Palu,SULAWESI TENGAH,1,-0.86972,119.9,336532,94111|94115|94116|94118|94119|94141|94142|94143|94145|94146|94147|94148|94221|94222|94223|94225|94226|94227|94228|94229|94231|94232|94233|94234|94235|94236|94237|94238|94239
95,Kota Palembang,Palembang,SUMATERA SELATAN,1,-2.96667,104.75,1511444,30111|30112|30113|30114|30115|30116|30117|30118|30119|30121|30122|30123|30124|30125|30126|30127|30128|30129|30131|30132|30133|30134|30135|30136|30137|30138|30139|30141|30142|30143|30144|30145|30146|30147|30148|30149|30151|30153|30154|30155|30161|30162|30163|30164|30165|30251|30252|30253|30254|30255|30257|30258|30259|30261|30262|30263|30264|30265|30266|30267|30268
96,Kota Palangka Raya,Palangka Raya,KALIMANTAN TENGAH,1,-1.76979,113.73126,305907,73111|73112|73113|73114|73118|73221|73222|73223|73224|73225|73226|73227|73228|73229
97,Kabupaten Padang Pariaman,Padang Pariaman,SUMATERA BARAT,0,-0.55,100.23333,432052,25552|25561|25563|25564|25571|25572|25573|25581|25582|25584|25586
98,Kota Padang Panjang,Padang Panjang,SUMATERA BARAT,1,-0.46953,100.40364,56311,27111|27112|27113|27114|27115|27116|27117|27118|27121|27122|27123|27124|27125|27126|27127|27128
99,Kota Padang,Padang,SUMATERA BARAT,1,-0.9,100.45,1015000,25111|25112|25114|25115|25117|25118|25119|25121|25122|25123|25125|25126|25129|25132|25133|25134|25136|25137|25139|25142|25143|25144|25145|25146|25147|25151|25152|25153|25154|25155|25156|25157|25158|25159|25161|25162|25163|25164|25166|25168|25171|25172|25173|25175|25176|25211|25212|25213|25214|25215|25216|25217|25221|25222|25223|25224|25225|25226|25227|25231|25232|25233|25234|25235|25236|25237
100,Kabupaten Pacitan,Pacitan,JAWA TIMUR,0,-8.125,111.17806,542960,63511|63512|63513|63514|63515|63516|63517|63518|63552|63553|63554|63561|63571|63572|63573|63581|63582|63583|63584
101,Kabupaten Ogan Komering Ulu,Ogan Komering Ulu,SUMATERA SELATAN,0,-4.13333,104.06667,337692,32111|32112|32113|32114|32115|32116|32117|32121|32122|32123|32124|32125|32126|32151|32152|32155|32156|32157|32158|32159|32191|32192
102,Kabupaten Ogan Komering Ilir,Ogan Komering Ilir,SUMATERA SELATAN,0,-3.35,105.38333,756436,30611|30612|30613|30614|30615|30616|30617|30618|30652|30654|30655|30656|30657|30658|30659|30664|30671|30672|30673|30681
103,Kabupaten Nganjuk,Nganjuk,JAWA TIMUR,0,-7.56667,111.95,1017030,64311|64312|64313|64314|64315|64391|64392|64393|64394|64395|64411|64413|64415|64416|64417|64418|64419|64451|64452|64453|64461|64462|64471|64472|64473|64474|64475|64481|64482|64484
104,Kabupaten Ngada,Ngada,NUSA TENGGARA TIMUR,0,-8.66667,121.0,170120,86411|86412|86413|86414|86415|86416|86417|86418|86419|86452|86461
105,Kabupaten Musi Rawas,Musi Rawas,SUMATERA SELATAN,0,-3.16667,103.21667,546945,30771|31625|31652|31654|31655|31656|31657|31658|31661|31662|31663|31665|31666|31667|31668|31669
106,Kabupaten Musi Banyuasin,Musi Banyuasin,SUMATERA SELATAN,0,-2.46667,103.73333,588996,30711|30752|30754|30755|30756|30757|30758|30759
107,Kabupaten Murung Raya,Murung Raya,KALIMANTAN TENGAH,0,-0.03333,114.28333,112445,73911|73961|73971|73981|73991
108,Kabupaten Muna,Muna,SULAWESI TENGGARA,0,-4.96667,122.66667,218956,93611|93612|93613|93614|93615|93616|93618|93652|93653|93654|93655|93656|93657|93658|93659|93661|93662|93663|93664|93671|93674
109,Kota Mojokerto,Mojokerto,JAWA TIMUR,1,-7.47083,112.4375,120196,61311|61312|61313|61314|61315|61316|61317|61318|61319|61321|61322|61323|61324|61325|61326|61327|61328|61351|61352|61353|61354|61361|61362|61363|61364|61371|61372|61373|61374|61375|61381|61382|61383|61384|61385
110,Kabupaten Mojokerto,Mojokerto,JAWA TIMUR,0,-7.55,112.48333,1025443,61311|61312|61313|61314|61315|61316|61317|61318|61319|61321|61322|61323|61324|61325|61326|61327|61328|61351|61352|61353|61354|61361|61362|61363|61364|61371|61372|61373|61374|61375|61381|61382|61383|61384|61385
111,Kota Mataram,Mataram,NUSA TENGGARA BARAT,1,-8.58333,116.11667,429651,83112|83113|83114|83115|83116|83117|83118|83121|83122|83123|83124|83125|83126|83127|83232|83233|83236|83237|83238|83239|83511
112,Kabupaten Maros,Maros,SULAWESI SELATAN,0,-5.05,119.68333,319002,90511|90512|90513|90514|90515|90516|90552|90553|90554|90561|90562|90563|92754
113,Kabupaten Manokwari,Manokwari,PAPUA BARAT,0,-0.9,133.73333,187726,98311|98312|98313|98314|98315|98352|98354|98356|98357
114,Kabupaten Manggarai,Manggarai,NUSA TENGGARA TIMUR,0,-8.56667,120.43333,317646,86511|86512|86513|86514|86515|86516|86517|86518|86519|86561|86591|86592
115,Kota Manado,Manado,SULAWESI UTARA,1,1.51389,124.88194,410481,95111|95112|95113|95114|95115|95116|95117|95118|95119|95121|95122|95123|95124|95125|95126|95127|95128|95129|95161|95162|95163|95231|95232|95234|95238|95239|95246|95249|95251|95252|95253|95254|95256|95257|95258|95259
116,Kabupaten Mamuju,Mamuju,SULAWESI BARAT,0,-2.46667,119.4,285616,91352|91511|91512|91513|91514|91515|91561|91562|91563
117,Kabupaten Maluku Tenggara,Maluku Tenggara,MALUKU,0,-5.78333,132.73333,124199,97611|97615|97661
118,Kota Malang,Malang,JAWA TIMUR,1,-7.98333,112.63333,820243,65111|65112|65113|65115|65116|65117|65118|65119|65121|65122|65123|65124|65125|65126|65132|65133|65134|65135|65136|65137|65138|65139|65141|65142|65143|65144|65145|65146|65147|65148|65149|65151|65152|65153|65154|65155|65156|65157|65158|65162|65163|65164|65165|65166|65167|65168|65171|65172|65173|65174|65175|65176|65178|65179|65181|65182|65183|65211|65213|65214|65215|65216|65391|65392|65393
119,Kabupaten Malang,Malang,JAWA TIMUR,0,-8.2,112.66667,2446218,65111|65112|65113|65115|65116|65117|65118|65119|65121|65122|65123|65124|65125|65126|65132|65133|65134|65135|65136|65137|65138|65139|65141|65142|65143|65144|65145|65146|65147|65148|65149|65151|65152|65153|65154|65155|65156|65157|65158|65162|65163|65164|65165|65166|65167|65168|65171|65172|65173|65174|65175|65176|65178|65179|65181|65182|65183|65211|65213|65214|65215|65216|65391|65392|65393
120,Kabupaten Majene,Majene,SULAWESI BARAT,0,-3.13139,118.87139,177390,91411|91412|91413|91414|91415|91451|91452|91453
121,Kabupaten Majalengka,Majalengka,JAWA BARAT,0,-6.81667,108.28333,1238218,45411|45412|45414|45415|45416|45417|45418|45419|45452|45453|45454|45455|45456|45457|45458|45459|45461|45462|45463|45464|45465|45466|45467|45468|45471|45472|45473|45474|45475|45476
122,Kota Magelang,Magelang,JAWA TENGAH,1,-7.48333,110.21667,121526,56111|56112|56113|56114|56115|56116|56117|56121|56122|56123|56124|56125|56126|56127|56151|56152|56153|56161|56162|56163|56172|56191|56192|56193|56194|56195|56196|56411|56412|56413|56414|56415|56481|56482|56483|56484|56485|56511|56512|56553
123,Kota Madiun,Madiun,JAWA TIMUR,1,-7.62778,111.52778,170964,63111|63112|63113|63117|63118|63119|63121|63122|63123|63125|63126|63127|63128|63129|63131|63132|63133|63134|63135|63136|63137|63138|63139|63151|63152|63153|63154|63155|63156|63157|63161|63162|63171|63172|63173|63174|63181|63182
124,Kabupaten Madiun,Madiun,JAWA TIMUR,0,-7.625,111.65,662278,63111|63112|63113|63117|63118|63119|63121|63122|63123|63125|63126|63127|63128|63129|63131|63132|63133|63134|63135|63136|63137|63138|63139|63151|63152|63153|63154|63155|63156|63157|63161|63162|63171|63172|63173|63174|63181|63182
125,Kabupaten Lumajang,Lumajang,JAWA TIMUR,0,-8.13333,113.13333,1006458,67311|67312|67313|67314|67315|67316|67352|67353|67354|67355|67356|67357|67358|67359|67361|67371|67372|67373|67374|67375|67381|67382|67383
126,Kabupaten Lombok Timur,Lombok Timur,NUSA TENGGARA BARAT,0,-8.53333,116.51667,1343901,83611|83612|83613|83614|83615|83616|83617|83618|83619|83652|83653|83654|83656|83661|83662|83663|83671|83672
127,Kabupaten Lombok Tengah,Lombok Tengah,NUSA TENGGARA BARAT,0,-8.7,116.3,860209,83511|83512|83513|83514|83515|83516|83518|83519|83521|83522|83523|83552|83553|83554|83561|83562|83571|83572|83573|83581|83582
128,Kabupaten Lombok Barat,Lombok Barat,NUSA TENGGARA BARAT,0,-8.66667,116.13333,731810,83351|83355|83361|83362|83363|83364|83365|83371
129,Kabupaten Lebak,Lebak,BANTEN,0,-6.65,106.21667,1433853,42311|42312|42313|42314|42315|42316|42317|42318|42319|42352|42353|42354|42355|42356|42357|42361|42362|42363|42364|42371|42372|42381|42391|42392|42393|42394|42395|42396
130,Kabupaten Lampung Utara,Lampung Utara,LAMPUNG,0,-4.81667,104.8,635129,34511|34513|34514|34515|34516|34517|34518|34519|34554|34555|34556|34557|34558|34559|34581|34582|34583
131,Kabupaten Lampung Tengah,Lampung Tengah,LAMPUNG,0,-4.86667,105.26667,1500002,34152|34153|34155|34156|34157|34158|34159|34161|34162|34163|34164|34166|34167|34168|34169|34171|34172|34173|34174|34175|34176|34179|35213|35513
132,Kabupaten Kuningan,Kuningan,JAWA BARAT,0,-7.0,108.56667,1096434,45511|45512|45513|45514|45515|45516|45517|45518|45521|45552|45553|45554|45555|45556|45557|45558|45559|45561|45562|45563|45564|45565|45566|45571|45572|45573|45574|45575|45576|45581|45582|45583|45584|45585|45586|45587|45588|45591|45592|45593|45594|45595
133,Kabupaten Kudus,Kudus,JAWA TENGAH,0,-6.78333,110.88333,849184,59311|59312|59313|59314|59315|59316|59317|59318|59319|59321|59322|59323|59324|59325|59326|59327|59332|59333|59341|59342|59343|59344|59346|59347|59348|59349|59353|59372|59381|59382
134,Kabupaten Kotawaringin Timur,Kotawaringin Timur,KALIMANTAN TENGAH,0,-2.08333,112.76667,436079,74311|74312|74313|74314|74315|74316|74321|74322|74323|74324|74325|74326|74352|74353|74354|74355|74356|74361|74362|74363
135,Kabupaten Kotawaringin Barat,Kotawaringin Barat,KALIMANTAN TENGAH,0,-2.51667,111.7,274935,74111|74112|74113|74114|74115|74116|74117|74152|74161|74181|74183|74184
136,Kabupaten Kolaka,Kolaka,SULAWESI TENGGARA,0,-3.96667,121.56667,315232,93511|93512|93514|93515|93517|93518|93519|93552|93561|93562|93563|93571|93572|93573|93575|93915
137,Kabupaten Klungkung,Klungkung,BALI,0,-8.55,115.41667,206925,80711|80712|80713|80716|80752|80761|80771
138,Kabupaten Klaten,Klaten,JAWA TENGAH,0,-7.68333,110.63333,1275850,57411|57412|57413|57414|57415|57416|57417|57418|57419|57421|57422|57423|57424|57425|57426|57432|57433|57434|57435|57437|57438|57451|57452|57454|57455|57461|57462|57463|57464|57465|57466|57467|57468|57471|57472|57473|57474|57475|57481|57482|57483|57484|57485|57486
139,Kabupaten Ketapang,Ketapang,KALIMANTAN BARAT,0,-1.58333,110.56667,591917,78811|78812|78813|78821|78822|78854|78862|78863|78864|78871|78872|78873|78874|78876
140,Kabupaten Kerinci,Kerinci,JAMBI,0,-2.01667,101.5,253863,37152|37161|37162|37163|37171|37172|37173|37174|37175
141,Kota Kendari,Kendari,SULAWESI TENGGARA,1,-4.01667,122.53333,345107,93111|93112|93113|93114|93115|93116|93117|93118|93121|93122|93123|93124|93125|93126|93127|93128|93129|93231|93232|93233|93234|93235|93236|93237|93238
142,Kota Kediri,Kediri,JAWA TIMUR,1,-7.825,112.01667,268507,64111|64112|64113|64114|64115|64116|64117|64118|64119|64121|64122|64123|64124|64125|64126|64127|64128|64129|64131|64132|64133|64134|64135|64136|64137|64138|64139|64151|64152|64153|64154|64155|64156|64157|64161|64162|64171|64172|64173|64174|64175|64176|64181|64182|64183|64211|64212|64213|64214|64215|64216|64217|64218|64219|64221|64222|64223|64224|64225|64226|64227|64228|64229|64291|64292|64293|64294
143,Kabupaten Kediri,Kediri,JAWA TIMUR,0,-7.78333,112.11667,1499768,64111|64112|64113|64114|64115|64116|64117|64118|64119|64121|64122|64123|64124|64125|64126|64127|64128|64129|64131|64132|64133|64134|64135|64136|64137|64138|64139|64151|64152|64153|64154|64155|64156|64157|64161|64162|64171|64172|64173|64174|64175|64176|64181|64182|64183|64211|64212|64213|64214|64215|64216|64217|64218|64219|64221|64222|64223|64224|64225|64226|64227|64228|64229|64291|64292|64293|64294
144,Kabupaten Katingan,Katingan,KALIMANTAN TENGAH,0,-1.68333,113.21667,162222,74413|74452|74453|74454|74455|74456|74457|74461|74462|74463
145,Kabupaten Karawang,Karawang,JAWA BARAT,0,-6.24972,107.41611,2267233,41311|41312|41314|41315|41316|41352|41353|41354|41355|41356|41357|41358|41361|41362|41363|41371|41372|41373|41374|41381|41382|41383|41384|41385
146,Kabupaten Kapuas Hulu,Kapuas Hulu,KALIMANTAN BARAT,0,0.83333,112.8,254995,78714|78715|78716|78752|78753|78754|78755|78756|78757|78758|78759|78761|78762|78763|78764|78765|78766|78767|78768|78769|78771|78772|78773|78774|78775
147,Kabupaten Kapuas,Kapuas,KALIMANTAN TENGAH,0,-1.75,114.3,410400,73511|73512|73513|73514|73515|73516|73521|73522|73523|73524|73525|73552|73553|73554|73555|73564|73581|73583|73592|73593|74581
148,Kabupaten Jombang,Jombang,JAWA TIMUR,0,-7.55,112.26667,1202407,61411|61412|61413|61415|61416|61417|61418|61419|61452|61453|61454|61455|61456|61457|61461|61462|61463|61471|61473|61474|61475|61476|61481|61482|61483|61484|61485
149,Kabupaten Jepara,Jepara,JAWA TENGAH,0,-6.6,110.78333,1192811,59411|59412|59413|59414|59415|59416|59417|59418|59419|59421|59422|59423|59424|59425|59426|59427|59428|59429|59431|59432|59451|59452|59453|59454|59455|59461|59462|59463|59464|59465|59466
150,Kabupaten Jeneponto,Jeneponto,SULAWESI SELATAN,0,-5.63333,119.71667,410639,92311|92312|92313|92314|92315|92316|92351|92352|92361|92371|92516|92572
151,Kabupaten Jembrana,Jembrana,BALI,0,-8.31667,114.68333,317064,82211|82212|82213|82214|82215|82216|82218|82252|82261|82262
152,Kabupaten Jember,Jember,JAWA TIMUR,0,-8.23333,113.66667,2332726,68111|68112|68113|68114|68116|68117|68118|68121|68122|68124|68125|68126|68131|68132|68133|68135|68136|68137|68151|68152|68153|68154|68155|68156|68157|68161|68162|68164|68165|68166|68167|68168|68171|68172|68173|68174|68175|68181|68182|68184|68191|68192|68193|68194|68195|68196
153,Kabupaten Jayapura,Jayapura,PAPUA,0,-2.98333,139.98333,168476,99111|99112|99113|99114|99115|99116|99117|99221|99222|99223|99224|99225|99226|99351|99352|99353|99354|99356|99357|99358|99359|99361|99362|99364
154,Kota Jambi,Jambi,JAMBI,1,-1.61694,103.60028,619553,36111|36112|36121|36122|36123|36124|36125|36126|36127|36128|36129|36131|36132|36133|36134|36135|36136|36137|36138|36139|36141|36142|36143|36144|36145|36146|36147|36148|36149|36251|36252|36253|36254|36255|36256|36261|36262|36263|36264|36265
155,Kota Administrasi Jakarta Utara,Jakarta Utara,DKI JAKARTA,1,-6.13611,106.90417,1778981,14110|14120|14130|14140|14150|14210|14230|14240|14250|14260|14270|14310|14320|14330|14340|14350|14360|14370|14410|14420|14430|14440|14450|14460|14470
156,Kota Administrasi Jakarta Timur,Jakarta Timur,DKI JAKARTA,1,-6.25,106.8875,3037139,13110|13120|13130|13140|13150|13210|13220|13230|13240|13250|13260|13310|13320|13330|13340|13350|13410|13420|13430|13440|13450|13460|13470|13510|13520|13530|13540|13550|13560|13570|13610|13620|13630|13640|13650|13710|13720|13730|13740|13750|13760|13770|13780|13790|13810|13820|13830|13840|13850|13860|13870|13880|13890|13910|13920|13930|13940|13950|13960
157,Kota Administrasi Jakarta Selatan,Jakarta Selatan,DKI JAKARTA,1,-6.26667,106.80833,2226812,12110|12120|12130|12140|12150|12160|12170|12180|12190|12210|12220|12230|12240|12250|12260|12270|12310|12320|12330|12410|12420|12430|12440|12450|12510|12520|12530|12540|12550|12560|12620|12630|12640|12710|12720|12730|12740|12750|12760|12770|12780|12790|12810|12820|12830|12840|12850|12860|12870|12910|12920|12930|12940|12950|12960|12970|12980
158,Kota Administrasi Jakarta Pusat,Jakarta Pusat,DKI JAKARTA,1,-6.18333,106.83333,1056896,10110|10120|10130|10140|10150|10160|10210|10220|10230|10240|10250|10260|10270|10310|10320|10330|10340|10350|10410|10420|10430|10440|10450|10460|10510|10520|10530|10540|10550|10560|10570|10610|10620|10630|10640|10650|10710|10720|10730|10740|10750
159,Kota Administrasi Jakarta Barat,Jakarta Barat,DKI JAKARTA,1,-6.16667,106.75,2365502,11110|11120|11130|11140|11150|11160|11170|11180|11210|11220|11230|11240|11250|11260|11270|11310|11320|11330|11410|11420|11430|11440|11450|11460|11470|11480|11510|11520|11530|11540|11550|11560|11610|11620|11630|11640|11650|11710|11720|11730|11740|11750|11810|11820|11830|11840|11850
160,Kabupaten Indramayu,Indramayu,JAWA BARAT,0,-6.45,108.16667,1714184,45211|45212|45213|45214|45215|45216|45217|45218|45219|45221|45222|45223|45224|45225|45226|45227|45228|45229|45252|45253|45254|45255|45256|45257|45258|45261|45262|45263|45264|45265|45271|45272|45273|45274|45281|45282|45283|45284|45285|45365
161,Kabupaten Indragiri Hulu,Indragiri Hulu,RIAU,0,-0.53333,102.33333,444548,29311|29312|29313|29314|29316|29317|29318|29319|29335|29344|29345|29351|29352|29353|29354|29355|29363|29371
162,Kabupaten Indragiri Hilir,Indragiri Hilir,RIAU,0,-0.22056,103.12167,660747,29211|29212|29213|29214|29252|29253|29254|29255|29256|29261|29271|29272|29273|29274|29281|29282
163,Kabupaten Hulu Sungai Utara,Hulu Sungai Utara,KALIMANTAN SELATAN,0,-2.43333,115.16667,231290,71412|71413|71414|71416|71417|71418|71419|71452|71453|71454|71455|71471
164,Kabupaten Hulu Sungai Tengah,Hulu Sungai Tengah,KALIMANTAN SELATAN,0,-2.6,115.51667,263061,71311|71312|71313|71314|71315|71352|71361|71362|71363|71371|71372|71381|71382|71391
165,Kabupaten Hulu Sungai Selatan,Hulu Sungai Selatan,KALIMANTAN SELATAN,0,-2.76667,115.21667,232212,71211|71213|71214|71215|71216|71217|71252|71253|71261|71262|71271|71281|71282|71291|71292
166,Kabupaten Halmahera Tengah,Halmahera Tengah,MALUKU UTARA,0,0.55,127.91667,56802,97853|97854
167,Kabupaten Gunung Mas,Gunung Mas,KALIMANTAN TENGAH,0,-1.03333,113.56667,135373,74511|74552|74553|74561|74562|74571
168,Kabupaten Gunungkidul,Gunungkidul,DI YOGYAKARTA,0,-7.99444,110.6125,697215,55811|55813|55851|55852|55853|55854|55861|55862|55863|55871|55872|55881|55883|55891|55892|55893
169,Kabupaten Grobogan,Grobogan,JAWA TENGAH,0,-7.13333,110.91667,1453526,58111|58112|58113|58114|58152|58153|58154|58161|58162|58163|58164|58165|58166|58167|58171|58172|58181|58182|58183|58191|58192|58193
170,Kabupaten Gowa,Gowa,SULAWESI SELATAN,0,-5.31667,119.71667,783167,90225|90244|92111|92112|92113|92114|92115|92116|92117|92118|92119|92152|92153|92161|92171|92173|92174|92175|92176|92215
171,Kota Gorontalo,Gorontalo,GORONTALO,1,0.5345,123.04312,199788,96111|96112|96113|96114|96115|96116|96117|96118|96119|96121|96122|96123|96124|96125|96126|96127|96128|96129|96131|96132|96133|96134|96135|96136|96137|96138|96139|96181|96211|96212|96213|96214|96215|96216|96217|96218|96219|96251|96264|96271|96272
172,Kabupaten Gianyar,Gianyar,BALI,0,-8.48333,115.28333,515344,80511|80512|80513|80515|80552|80561|80571|80572|80581|80582
173,Kabupaten Garut,Garut,JAWA BARAT,0,-7.41667,107.78333,2627220,44111|44112|44113|44114|44115|44116|44117|44118|44119|44151|44152|44153|44161|44162|44163|44164|44165|44166|44167|44168|44171|44172|44173|44174|44175|44176|44177|44178|44181|44182|44183|44184|44185|44186|44187|44188|44191|44192|44193
174,Kabupaten Flores Timur,Flores Timur,NUSA TENGGARA TIMUR,0,-8.24224,122.96817,288897,86211|86212|86213|86214|86215|86216|86217|86219|86252|86253|86261|86262|86271|86272
175,Kabupaten Enrekang,Enrekang,SULAWESI SELATAN,0,-3.5,119.86667,190248,91711|91712|91752|91753|91754|91761
176,Kabupaten Donggala,Donggala,SULAWESI TENGAH,0,-0.33333,119.85,305890,94351|94352|94353|94354|94355|94356|94362
177,Kota Denpasar,Denpasar,BALI,1,-8.66667,115.21667,725314,80111|80112|80113|80114|80115|80116|80117|80118|80119|80221|80222|80223|80224|80225|80226|80227|80228|80229|80231|80232|80233|80234|80235|80236|80237|80238|80239
178,Kota Cirebon,Cirebon,JAWA BARAT,1,-6.75,108.55,333303,45111|45112|45113|45114|45115|45116|45117|45118|45121|45122|45123|45131|45132|45133|45134|45141|45142|45143|45144|45145|45151|45152|45153|45154|45155|45156|45161|45162|45163|45164|45165|45166|45167|45171|45172|45173|45181|45182|45183|45185|45186|45187|45188|45189|45191|45192|45193|45611|45612|45613|45651|45652
179,Kabupaten Cirebon,Cirebon,JAWA BARAT,0,-6.8,108.56667,2175108,45111|45112|45113|45114|45115|45116|45117|45118|45121|45122|45123|45131|45132|45133|45134|45141|45142|45143|45144|45145|45151|45152|45153|45154|45155|45156|45161|45162|45163|45164|45165|45166|45167|45171|45172|45173|45181|45182|45183|45185|45186|45187|45188|45189|45191|45192|45193|45611|45612|45613|45651|45652
180,Kota Cimahi,Cimahi,JAWA BARAT,1,-6.88333,107.54167,571632,40511|40512|40513|40514|40521|40522|40523|40524|40525|40526|40531|40532|40533|40534|40535
181,Kabupaten Ciamis,Ciamis,JAWA BARAT,0,-7.28333,108.41667,1247768,46211|46212|46213|46214|46215|46216|46217|46218|46219|46252|46253|46254|46255|46256|46258|46261|46262|46263|46264|46268|46271|46272|46273|46274|46352|46361|46365|46381|46382|46383|46385|46386|46387|46388
182,Kabupaten Buton,Buton,SULAWESI TENGGARA,0,-5.31667,122.93333,117040,93752|93753|93754|93755|93756|93761|93762|93763|93781
183,Kabupaten Buol,Buol,SULAWESI TENGAH,0,1.04656,121.36867,148246,94563|94564|94565|94566|94567|94568
184,Kabupaten Bulukumba,Bulukumba,SULAWESI SELATAN,0,-5.43333,120.23333,394560,92511|92513|92514|92517|92518|92552|92561|92571|92572|92573|92574|92661
185,Kabupaten Buleleng,Buleleng,BALI,0,-8.25,114.95,624125,81111|81112|81113|81114|81115|81116|81117|81118|81119|81152|81153|81154|81155|81161|81171|81172|81173
186,Kota Bukittinggi,Bukittinggi,SUMATERA BARAT,1,-0.29921,100.37223,121028,26111|26112|26113|26114|26115|26116|26117|26121|26122|26123|26124|26125|26126|26127|26128|26129|26131|26132|26133|26134|26135|26136|26137|26138
187,Kabupaten Brebes,Brebes,JAWA TENGAH,0,-7.05,108.9,1817040,52211|52212|52213|52214|52215|52216|52217|52218|52219|52221|52222|52252|52253|52254|52255|52261|52262|52263|52264|52265|52266|52271|52272|52273|52274|52275|52276
188,Kabupaten Boyolali,Boyolali,JAWA TENGAH,0,-7.46667,110.71667,1062713,57311|57312|57313|57314|57315|57316|57321|57322|57323|57331|57352|57362|57363|57372|57373|57374|57375|57376|57377|57378|57381|57382|57383|57384|57385|57391
189,Kabupaten Bone,Bone,SULAWESI SELATAN,0,-4.7,120.13333,717682,90225|91671|92711|92712|92713|92714|92715|92716|92717|92718|92719|92721|92731|92732|92733|92734|92735|92752|92753|92754|92755|92761|92762|92763|92764|92765|92766|92767|92768|92771|92772|92773|92774|92775|92776|92781
190,Kabupaten Bolaang Mongondow,Bolaang Mongondow,SULAWESI UTARA,0,0.71667,124.03333,252648,95751|95752|95753|95761|95762|95771|95772|95773
191,Kabupaten Bojonegoro,Bojonegoro,JAWA TIMUR,0,-7.25,111.80833,1209973,62111|62112|62113|62114|62115|62118|62119|62152|62153|62154|62155|62161|62162|62164|62165|62166|62167|62168|62171|62172|62181|62182|62183|62184|62191|62192|62193|62194|62195
192,Kota Bogor,Bogor,JAWA BARAT,1,-6.59,106.80111,1114018,16110|16111|16112|16113|16114|16115|16116|16117|16118|16119|16120|16121|16122|16123|16124|16125|16126|16128|16129|16131|16132|16133|16134|16135|16136|16137|16138|16139|16141|16142|16143|16144|16145|16146|16151|16152|16153|16154|16155|16156|16157|16158|16161|16162|16164|16165|16166|16167|16168|16169|16310|16320|16330|16340|16350|16360|16370|16610|16620|16630|16640|16650|16660|16670|16680|16710|16720|16730|16740|16750|16770|16810|16820|16830|16840|16911|16912|16913|16914|16915|16916|16917|16918|16920|16921|16922|16923|16960|16961|16962|16963|16964|16965|16966|16967|16968|16969
193,Kabupaten Bogor,Bogor,JAWA BARAT,0,-6.55,106.71667,5566838,16110|16111|16112|16113|16114|16115|16116|16117|16118|16119|16120|16121|16122|16123|16124|16125|16126|16128|16129|16131|16132|16133|16134|16135|16136|16137|16138|16139|16141|16142|16143|16144|16145|16146|16151|16152|16153|16154|16155|16156|16157|16158|16161|16162|16164|16165|16166|16167|16168|16169|16310|16320|16330|16340|16350|16360|16370|16610|16620|16630|16640|16650|16660|16670|16680|16710|16720|16730|16740|16750|16770|16810|16820|16830|16840|16911|16912|16913|16914|16915|16916|16917|16918|16920|16921|16922|16923|16960|16961|16962|16963|16964|16965|16966|16967|16968|16969
194,Kabupaten Blora,Blora,JAWA TENGAH,0,-7.08333,111.41667,869931,58211|58212|58213|58214|58215|58216|58217|58218|58219|58252|58253|58254|58255|58256|58257|58261|58262|58311|58312|58313|58314|58315|58371|58372|58381|58382|58383|58384
195,Kota Blitar,Blitar,JAWA TIMUR,1,-8.1,112.16667,150371,66113|66114|66115|66116|66117|66121|66122|66124|66125|66126|66133|66134|66135|66136|66137|66151|66152|66153|66154|66155|66161|66163|66171|66172|66173|66174|66181|66182|66183|66184|66186|66187|66191|66192|66193|66194
196,Kabupaten Blitar,Blitar,JAWA TIMUR,0,-8.13333,112.23333,1242207,66113|66114|66115|66116|66117|66121|66122|66124|66125|66126|66133|66134|66135|66136|66137|66151|66152|66153|66154|66155|66161|66163|66171|66172|66173|66174|66181|66182|66183|66184|66186|66187|66191|66192|66193|66194
197,Kota Bitung,Bitung,SULAWESI UTARA,1,1.5,125.15,229795,95511|95512|95513|95514|95515|95516|95521|95522|95523|95524|95525|95526|95527|95528|95529|95531|95532|95533|95535|95536|95537|95538|95539|95541|95542|95543|95544|95545|95546|95547|95551|95552|95553|95554|95555|95556|95557|95558|95559
198,Kota Binjai,Binjai,SUMATERA UTARA,1,3.5986,98.48028,300009,20711|20712|20713|20714|20715|20716|20717|20718|20719|20721|20722|20723|20724|20725|20726|20727|20728|20731|20732|20733|20734|20735|20736|20737|20741|20742|20743|20744|20745|20746|20747|20748|20749
199,Kabupaten Bima,Bima,NUSA TENGGARA BARAT,0,-8.61667,118.75,514105,84111|84112|84113|84114|84115|84116|84117|84118|84119|84152|84153|84161|84162|84171|84172|84173|84181|84182|84191
200,Kabupaten Berau,Berau,KALIMANTAN TIMUR,0,2.02889,117.11833,258537,77311|77312|77313|77315|77352|77361|77362|77371|77372|77373|77381
201,Kabupaten Bengkulu Utara,Bengkulu Utara,BENGKULU,0,-3.23333,102.0,296523,38326|38361|38363|38373|38374|38387|38575|38611|38612|38614|38617|38618|38619|38653|38655|38656|38657
202,Kabupaten Bengkulu Selatan,Bengkulu Selatan,BENGKULU,0,-4.36667,103.01667,148861,38511|38512|38513|38514|38515|38516|38517|38518|38552|38553|38571
203,Kota Bengkulu,Bengkulu,BENGKULU,1,-3.83333,102.31667,373591,38113|38114|38115|38116|38117|38118|38119|38121|38122|38125|38126|38211|38213|38214|38215|38216|38221|38222|38223|38224|38225|38226|38227|38228|38229
204,Kabupaten Belu,Belu,NUSA TENGGARA TIMUR,0,-9.17581,124.91628,224306,85711|85712|85713|85714|85715|85716|85717|85718|85752|85761|85762|85763|85764|85765|85766|85771|85772|85773
205,Kabupaten Belitung,Belitung,KEPULAUAN BANGKA BELITUNG,0,-2.86667,107.68333,182079,33411|33412|33413|33414|33415|33417|33451|33452|33481
206,Kabupaten Bekasi,Bekasi,JAWA BARAT,0,-6.21611,107.15,3214791,17111|17112|17113|17114|17115|17116|17117|17121|17122|17123|17124|17125|17131|17132|17133|17134|17135|17136|17141|17142|17143|17144|17145|17146|17147|17148|17151|17152|17153|17154|17155|17156|17157|17158|17211|17212|17213|17214|17215|17216|17217|17218|17320|17330|17340|17350|17352|17356|17411|17412|17413|17414|17415|17421|17422|17423|17424|17425|17426|17431|17432|17433|17434|17435|17510|17520|17530|17540|17610|17620|17630|17710|17720|17730
207,Kabupaten Batang Hari,Batang Hari,JAMBI,0,-1.7,103.1,250436,36611|36612|36613|36614|36653|36654|36655|36656|36657
208,Kabupaten Batang,Batang,JAWA TENGAH,0,-7.025,109.8675,817100,51211|51212|51214|51215|51216|51252|51253|51254|51255|51261|51262|51271|51272|51273|51274|51281
209,Kabupaten Barru,Barru,SULAWESI SELATAN,0,-4.45,119.695,186910,90711|90712|90752|90753|90761|90762
210,Kabupaten Barito Utara,Barito Utara,KALIMANTAN TENGAH,0,-0.93333,115.06667,121573,73811|73812|73813|73814|73852|73861|73862|73871|73881
211,Kabupaten Barito Timur,Barito Timur,KALIMANTAN TENGAH,0,-1.98333,115.15,97372,73612|73613|73614|73615|73617|73618|73652|73653|73661|73671|73681
212,Kabupaten Barito Selatan,Barito Selatan,KALIMANTAN TENGAH,0,-1.76667,114.78333,124128,73711|73712|73713|73751|73752|73753|73761|73762|73763
213,Kabupaten Barito Kuala,Barito Kuala,KALIMANTAN SELATAN,0,-3.08333,114.68333,321769,70511|70512|70513|70552|70553|70561|70562|70563|70564|70565|70566|70567|70568|70571|70581|70582
214,Kabupaten Banyuwangi,Banyuwangi,JAWA TIMUR,0,-8.36667,114.16667,1708114,68411|68412|68413|68414|68415|68416|68417|68418|68419|68421|68422|68423|68424|68425|68431|68432|68453|68454|68455|68461|68462|68463|68464|68465|68466|68467|68468|68471|68472|68482|68483|68484|68485|68486|68487|68488
215,Kabupaten Banyumas,Banyumas,JAWA TENGAH,0,-7.43333,109.15,1806013,53111|53112|53113|53114|53115|53116|53121|53122|53123|53124|53125|53126|53127|53131|53132|53133|53134|53135|53136|53137|53141|53142|53144|53145|53146|53147|53151|53152|53161|53162|53163|53164|53165|53171|53172|53173|53174|53175|53176|53177|53181|53182|53183|53191|53192|53193|53194|53195|53196
216,Kabupaten Bantul,Bantul,DI YOGYAKARTA,0,-7.9,110.3625,985770,55181|55182|55183|55184|55185|55186|55188|55191|55192|55193|55194|55195|55196|55197|55198|55711|55712|55713|55714|55715|55751|55752|55761|55762|55763|55764|55771|55772|55781|55782|55783|55791|55792
217,Kabupaten Bantaeng,Bantaeng,SULAWESI SELATAN,0,-5.48333,119.98333,199399,92411|92412|92413|92414|92415|92451|92461
218,Kota Banjarmasin,Banjarmasin,KALIMANTAN SELATAN,1,-3.32444,114.59102,667489,70111|70112|70113|70114|70115|70116|70117|70118|70119|70121|70122|70123|70124|70125|70126|70127|70128|70129|70231|70233|70234|70235|70236|70237|70238|70239|70241|70242|70243|70244|70245|70246|70247|70248|70249
219,Kota Banjar Baru,Banjar Baru,KALIMANTAN SELATAN,1,-3.48304,114.81162,265575,70713|70714|70721|70722|70723|70724|70731|70732|70733|70734
220,Kabupaten Banjar,Banjar,KALIMANTAN SELATAN,0,-3.38333,115.08333,579910,70611|70612|70613|70614|70615|70616|70617|70618|70619|70652|70653|70654|70655|70661|70671|70672|70673|70674|70675|71213
221,Kabupaten Bangli,Bangli,BALI,0,-8.26667,115.35,258721,80611|80612|80613|80614|80652|80661|80671
222,Kabupaten Bangkalan,Bangkalan,JAWA TIMUR,0,-7.05,112.93333,1060377,69112|69113|69114|69115|69116|69118|69119|69121|69151|69152|69153|69154|69155|69156|69161|69162|69163|69165|69166|69172|69173|69174|69175
223,Kabupaten Bangka,Bangka,KEPULAUAN BANGKA BELITUNG,0,-1.91667,105.96667,326265,33172|33173|33179|33211|33212|33213|33214|33215|33251|33252|33253|33255
224,Kabupaten Bandung,Bandung,JAWA BARAT,0,-7.1,107.61667,3718660,40111|40112|40113|40114|40115|40116|40117|40121|40122|40123|40124|40125|40131|40132|40133|40134|40135|40141|40142|40143|40151|40152|40153|40154|40161|40162|40163|40164|40171|40172|40173|40174|40175|40181|40182|40183|40184|40191|40192|40193|40195|40196|40197|40198|40211|40212|40213|40214|40215|40216|40217|40218|40221|40222|40223|40224|40225|40226|40227|40228|40229|40231|40232|40233|40234|40235|40236|40237|40238|40239|40241|40242|40243|40251|40252|40253|40254|40255|40256|40257|40258|40261|40262|40263|40264|40265|40266|40267|40271|40272|40273|40274|40275|40281|40282|40283|40284|40285|40286|40287|40288|40291|40292|40293|40294|40295|40374|40375|40376|40377|40378|40379|40381|40382|40383|40384|40385|40386|40394|40395|40396|40611|40614|40615|40616|40617|40618|40619|40621|40622|40623|40624|40625|40626|40911|40912|40913|40914|40915|40921|40972|40973
225,Kota Balikpapan,Balikpapan,KALIMANTAN TIMUR,1,-1.15,116.86667,695287,76111|76112|76113|76114|76115|76116|76117|76118|76121|76122|76123|76124|76125|76127|76128|76129|76131|76132|76133|76134|76136
226,Kabupaten Badung,Badung,BALI,0,-8.56667,115.2,543332,80351|80352|80353|80361
227,Kota Ambon,Ambon,MALUKU,1,-3.7,128.18333,348225,97111|97112|97113|97114|97115|97116|97117|97118|97121|97122|97123|97124|97125|97126|97127|97128|97129|97231|97232|97233|97234|97235|97236|97237
228,Kabupaten Alor,Alor,NUSA TENGGARA TIMUR,0,-8.28333,124.73333,216626,85811|85812|85813|85814|85815|85816|85817|85819|85851|85861|85871|85872|85881
229,Kabupaten Agam,Agam,SUMATERA BARAT,0,-0.23333,100.21667,529138,26151|26152|26161|26162|26164|26181|26191|26192|26451|26471|26473
230,Kota Kupang,Kupang,NUSA TENGGARA TIMUR,1,-10.19694,123.59806,468913,85111|85112|85116|85118|85119|85141|85142|85143|85144|85146|85147|85148|85221|85223|85225|85226|85227|85228|85229|85231|85232|85233|85234|85235|85236|85237|85238|85239|85351|85353|85361|85362|85363|85364|85365|85367|85368|85369|85391
231,Kabupaten Kupang,Kupang,NUSA TENGGARA TIMUR,0,-9.91667,123.83333,304548,85111|85112|85116|85118|85119|85141|85142|85143|85144|85146|85147|85148|85221|85223|85225|85226|85227|85228|85229|85231|85232|85233|85234|85235|85236|85237|85238|85239|85351|85353|85361|85362|85363|85364|85365|85367|85368|85369|85391
232,Kabupaten Magelang,Magelang,JAWA TENGAH,0,-7.4275,110.16194,1299859,56111|56112|56113|56114|56115|56116|56117|56121|56122|56123|56124|56125|56126|56127|56151|56152|56153|56161|56162|56163|56172|56191|56192|56193|56194|56195|56196|56411|56412|56413|56414|56415|56481|56482|56483|56484|56485|56511|56512|56553
233,Kota Salatiga,Salatiga,JAWA TENGAH,1,-7.33278,110.48333,170332,50711|50712|50713|50714|50715|50716|50721|50722|50723|50724|50732|50733|50734|50735|50736|50741|50742|50743|50744|50745|50746
234,Kabupaten Sleman,Sleman,DI YOGYAKARTA,0,-7.68167,110.32333,1203939,55264|55281|55282|55283|55284|55285|55286|55287|55288|55291|55293|55294|55295|55511|55512|55513|55514|55515|55551|55552|55561|55562|55563|55571|55572|55573|55581|55582|55583|55584|55592
235,Kabupaten Sragen,Sragen,JAWA TENGAH,0,-7.41278,110.935,976951,57211|57212|57213|57214|57215|57216|57221|57222|57252|57253|57254|57256|57261|57262|57263|57271|57272|57274|57275|57276|57277|57281|57282|57283|57292|57293
236,Kabupaten Kebumen,Kebumen,JAWA TENGAH,0,-7.63917,109.66056,1218169,54311|54312|54313|54314|54315|54316|54317|54352|54353|54361|54362|54363|54364|54365|54366|54381|54382|54383|54391|54392|54393|54394|54395|54411|54412|54413|54414|54416|54421|54472|54473|54474
237,Kabupaten Banjarnegara,Banjarnegara,JAWA TENGAH,0,-7.35111,109.5875,1026866,53411|53412|53413|53414|53416|53417|53418|53452|53453|53454|53455|53456|53457|53458|53461|53462|53463|53471|53472|53473|53474|53475|53481|53482
238,Kabupaten Cilacap,Cilacap,JAWA TENGAH,0,-7.57417,108.98861,1963824,53211|53212|53213|53215|53221|53222|53223|53224|53225|53231|53232|53233|53234|53235|53252|53253|53254|53255|53256|53257|53261|53262|53263|53264|53265|53266|53271|53272|53273|53274|53281|53282|53283
239,Kabupaten Purbalingga,Purbalingga,JAWA TENGAH,0,-7.28417,109.35028,890681,53311|53312|53313|53314|53315|53316|53317|53318|53319|53321|53331|53352|53353|53354|53355|53356|53357|53361|53362|53371|53372|53381|53382|53391|53392|53393
240,Kabupaten Wonosobo,Wonosobo,JAWA TENGAH,0,-7.36139,109.92667,886613,56311|56312|56313|56314|56315|56316|56317|56318|56319|56351|56352|56353|56354|56361|56362|56364|56365|56371|56372|56373|56374
241,Kabupaten Magetan,Magetan,JAWA TIMUR,0,-7.64472,111.35917,620442,63137|63311|63312|63313|63315|63316|63317|63318|63319|63351|63352|63361|63362|63371|63372|63382|63383|63384|63391|63392|63395
242,Kabupaten Ngawi,Ngawi,JAWA TIMUR,0,-7.47444,111.33444,817765,63211|63212|63214|63215|63216|63217|63218|63252|63253|63254|63256|63257|63261|63262|63263|63264|63271|63281|63282|63283|63284|63285
243,Kabupaten Semarang,Semarang,JAWA TENGAH,0,-7.20667,110.44139,1053094,50111|50112|50113|50115|50116|50117|50118|50122|50123|50124|50125|50126|50131|50132|50133|50134|50135|50137|50138|50139|50141|50144|50145|50146|50147|50148|50149|50151|50152|50154|50155|50156|50162|50163|50164|50166|50171|50172|50173|50174|50175|50176|50177|50178|50179|50181|50182|50183|50184|50185|50186|50187|50188|50189|50192|50194|50196|50197|50198|50199|50211|50212|50213|50214|50215|50216|50217|50218|50219|50221|50222|50223|50224|50225|50226|50227|50228|50229|50231|50232|50233|50235|50237|50241|50242|50244|50245|50246|50248|50249|50252|50253|50254|50255|50256|50257|50261|50262|50263|50264|50265|50266|50267|50268|50269|50271|50272|50273|50274|50275|50276|50277|50278|50279|50511|50512|50513|50514|50515|50516|50517|50518|50519|50551|50552|50611|50612|50613|50614|50661|50662|50663|50664|50771|50772|50773|50774|50775|50776|50777
244,Kota Bandung,Bandung,JAWA BARAT,1,-6.91667,107.63333,2544073,40111|40112|40113|40114|40115|40116|40117|40121|40122|40123|40124|40125|40131|40132|40133|40134|40135|40141|40142|40143|40151|40152|40153|40154|40161|40162|40163|40164|40171|40172|40173|40174|40175|40181|40182|40183|40184|40191|40192|40193|40195|40196|40197|40198|40211|40212|40213|40214|40215|40216|40217|40218|40221|40222|40223|40224|40225|40226|40227|40228|40229|40231|40232|40233|40234|40235|40236|40237|40238|40239|40241|40242|40243|40251|40252|40253|40254|40255|40256|40257|40258|40261|40262|40263|40264|40265|40266|40267|40271|40272|40273|40274|40275|40281|40282|40283|40284|40285|40286|40287|40288|40291|40292|40293|40294|40295|40374|40375|40376|40377|40378|40379|40381|40382|40383|40384|40385|40386|40394|40395|40396|40611|40614|40615|40616|40617|40618|40619|40621|40622|40623|40624|40625|40626|40911|40912|40913|40914|40915|40921|40972|40973
245,Kabupaten Karanganyar,Karanganyar,JAWA TENGAH,0,-7.62806,111.0625,857721,57171|57172|57173|57174|57175|57176|57177|57178|57179|57181|57188|57711|57712|57713|57714|57715|57716|57721|57722|57731|57752|57753|57762|57781|57782|57783|57784|57785|57791|57792|57793|57794
246,Kabupaten Subang,Subang,JAWA BARAT,0,-6.50833,107.7025,1566916,41211|41212|41213|41215|41251|41252|41253|41254|41255|41256|41257|41258|41259|41261|41262|41263|41271|41272|41281|41282|41283|41284|41285|41286
247,Kabupaten Cianjur,Cianjur,JAWA BARAT,0,-6.7725,107.08306,2323667,43211|43212|43213|43214|43215|43216|43252|43253|43254|43261|43262|43263|43264|43265|43266|43267|43268|43269|43271|43272|43273|43274|43275|43281|43282|43283|43284|43285|43291|43292
248,Kota Bekasi,Bekasi,JAWA BARAT,1,-6.26667,106.98333,2403118,17111|17112|17113|17114|17115|17116|17117|17121|17122|17123|17124|17125|17131|17132|17133|17134|17135|17136|17141|17142|17143|17144|17145|17146|17147|17148|17151|17152|17153|17154|17155|17156|17157|17158|17211|17212|17213|17214|17215|17216|17217|17218|17320|17330|17340|17350|17352|17356|17411|17412|17413|17414|17415|17421|17422|17423|17424|17425|17426|17431|17432|17433|17434|17435|17510|17520|17530|17540|17610|17620|17630|17710|17720|17730
249,Kabupaten Fakfak,Fakfak,PAPUA BARAT,0,-2.92641,132.29608,87894,98611|98652|98661|98662
250,Kabupaten Minahasa Selatan,Minahasa Selatan,SULAWESI UTARA,0,1.21291,124.59708,195553,95352|95355|95357|95953|95954|95955|95956|95958|95959|95999
251,Kabupaten Aceh Tamiang,Aceh Tamiang,ACEH,0,4.23333,97.93333,297522,24471|24472|24473|24474|24475|24476|24477|24478
252,Kabupaten Aceh Barat Daya,Aceh Barat Daya,ACEH,0,3.81667,96.88333,155046,23762|23763|23764|23765|23766|23767
253,Kabupaten Nagan Raya,Nagan Raya,ACEH,0,4.15,96.5,170591,23661|23662|23671|23672
254,Kabupaten Simeulue,Simeulue,ACEH,0,2.61972,96.07667,94876,23891|23892|23893|23894
255,Kabupaten Aceh Jaya,Aceh Jaya,ACEH,0,4.86,95.64,96028,23653|23654|23655|23656|23657
256,Kabupaten Bener Meriah,Bener Meriah,ACEH,0,4.73015,96.86156,164522,24553|24581|24582
257,Kabupaten Aceh Singkil,Aceh Singkil,ACEH,0,2.38333,97.96667,130787,24783|24784|24785|24791
258,Kabupaten Serdang Bedagai,Serdang Bedagai,SUMATERA UTARA,0,3.36667,99.08333,618294,20984|20986|20987|20991|20992|20993|20994|20995|20996|20997|20998
259,Kota Lhokseumawe,Lhokseumawe,ACEH,1,5.18271,97.12774,189941,24311|24313|24314|24315|24351|24352|24375
260,Kabupaten Rokan Hulu,Rokan Hulu,RIAU,0,0.88333,100.48333,561385,28554|28555|28556|28557|28558|28559|28565
261,Kabupaten Kampar,Kampar,RIAU,0,0.2344,101.2131,841332,28411|28412|28451|28452|28453|28458|28461|28462|28463|28464|28471
262,Kabupaten Pakpak Bharat,Pakpak Bharat,SUMATERA UTARA,0,2.55444,98.24056,40505,22271|22272
263,Kabupaten Tapanuli Utara,Tapanuli Utara,SUMATERA UTARA,0,2.0028,99.0707,292797,22411|22412|22413|22414|22415|22416|22417|22418|22419|22452|22453|22458|22461|22463|22465|22466|22471|22472|22473|22474|22476
264,Kabupaten Bireuen,Bireuen,ACEH,0,5.11667,96.6,406786,24251|24261|24262|24263|24264|24356|24357
265,Kabupaten Demak,Demak,JAWA TENGAH,0,-6.8993,110.6122,1203956,59511|59512|59513|59514|59515|59516|59517|59552|59554|59561|59563|59565|59566|59567|59571|59573|59581|59582|59583
266,Kabupaten Kendal,Kendal,JAWA TENGAH,0,-7.0256,110.1685,1018505,51311|51312|51313|51314|51315|51316|51317|51318|51319|51351|51352|51353|51354|51355|51356|51357|51361|51362|51363|51364|51371|51372|51381|51382|51383
267,Kota Depok,Depok,JAWA BARAT,1,-6.39611,106.81667,1876658,16411|16412|16413|16414|16415|16416|16417|16418|16421|16422|16423|16424|16425|16426|16431|16432|16433|16434|16435|16436|16437|16438|16439|16451|16452|16453|16454|16455|16456|16457|16458|16459|16511|16512|16513|16514|16515|16516|16517|16518|16519
268,Kabupaten Minahasa,Minahasa,SULAWESI UTARA,0,1.2537,124.83,310384,95371|95611|95612|95613|95614|95615|95616|95617|95618|95619|95651|95661|95681|95682|95683|95684|95691|95692|95693|95694
269,Kota Cilegon,Cilegon,BANTEN,1,-6.0,106.02917,450271,42411|42412|42413|42414|42415|42416|42417|42418|42419|42422|42423|42424|42425|42426|42427|42431|42433|42434|42436|42437|42438|42439|42441|42442|42443|42444|42445|42446|42447
270,Kota Tegal,Tegal,JAWA TENGAH,1,-6.8686,109.1129,290988,52111|52112|52114|52115|52117|52121|52122|52123|52124|52125|52131|52132|52133|52134|52135|52136|52137|52138|52141|52143|52144|52146|52147|52181|52182|52183|52184|52192|52193|52194|52411|52412|52413|52414|52415|52416|52418|52419|52451|52461|52462|52463|52464|52465|52466|52471|52472|52473
271,Gresik Regency,Gresik Regency,JAWA TIMUR,0,-7.1933,112.553,1177042,61111|61112|61113|61114|61115|61116|61117|61118|61119|61121|61122|61123|61124|61151|61152|61153|61154|61155|61156|61162|61171|61172|61173|61174|61175|61176|61177|61181|61182
272,Kabupaten Pekalongan,Pekalongan,JAWA TENGAH,0,-7.0319,109.624,986455,51111|51112|51113|51116|51117|51118|51119|51122|51123|51124|51126|51127|51128|51129|51132|51133|51134|51135|51136|51137|51138|51139|51141|51143|51144|51145|51146|51147|51148|51149|51151|51152|51153|51155|51156|51161|51162|51163|51164|51171|51173|51174|51181|51182|51183|51191|51192|51193
273,Kabupaten Bondowoso,Bondowoso,JAWA TIMUR,0,-7.9404,113.9834,736772,68211|68212|68213|68214|68215|68216|68217|68218|68219|68251|68252|68253|68261|68262|68263|68271|68272|68281|68282|68283|68284|68285|68286|68287|68288|68291
274,Kabupaten Gorontalo,Gorontalo,GORONTALO,0,0.70212,122.71591,395635,96111|96112|96113|96114|96115|96116|96117|96118|96119|96121|96122|96123|96124|96125|96126|96127|96128|96129|96131|96132|96133|96134|96135|96136|96137|96138|96139|96181|96211|96212|96213|96214|96215|96216|96217|96218|96219|96251|96264|96271|96272
275,Kabupaten Luwu,Luwu,SULAWESI SELATAN,0,-3.34836,120.22127,369820,91921|91951|91952|91991|91992|91993|91994|91995|91996|91997|91998|91999
276,Kota Baubau,Baubau,SULAWESI TENGGARA,1,-5.477,122.6166,161354,93711|93712|93713|93714|93715|93716|93717|93719|93721|93722|93724|93725|93726|93727|93757|93758
277,Kabupaten Banggai,Banggai,SULAWESI TENGAH,0,-0.91141,122.71836,323626,94711|94712|94713|94717|94723|94752|94753|94761|94762|94765|94771|94772|94773
278,Kabupaten Sumbawa Barat,Sumbawa Barat,NUSA TENGGARA BARAT,0,-8.75159,116.92132,148458,84454|84455|84456|84457|84458
279,Kabupaten Dompu,Dompu,NUSA TENGGARA BARAT,0,-8.5094,118.4816,238201,84211|84212|84213|84214|84216|84217|84218|84219|84251|84252|84253|84261|84271|84272
280,Kabupaten Soppeng,Soppeng,SULAWESI SELATAN,0,-4.3842,119.89,236049,90811|90812|90813|90814|90852|90853|90861|90862|90871
281,Kabupaten Karang Asem,Karang Asem,BALI,0,-8.3891,115.5393,492402,80811|80813|80852|80853|80861|80862|80863|80864|80871
282,Kabupaten Lampung Selatan,Lampung Selatan,LAMPUNG,0,-5.53965,105.49741,964504,35353|35356|35357|35361|35362|35365|35452|35551|35552|35592|35594|35596|35597
283,Kabupaten Bandung Barat,Bandung Barat,JAWA BARAT,0,-6.83333,107.48333,1583031,40391|40551|40552|40553|40554|40556|40558|40559|40561|40562|40563|40564|40565|40566
284,Kabupaten Bungo,Bungo,JAMBI,0,-1.50222,101.96,362363,37211|37216|37252|37255|37257|37261|37262|37263
285,Kabupaten Kaimana,Kaimana,PAPUA BARAT,0,-3.66093,133.77451,62256,98653|98654|98655|98656
286,Kabupaten Teluk Wondama,Teluk Wondama,PAPUA BARAT,0,-2.7,134.5,41644,98361|98362
287,Kabupaten Halmahera Selatan,Halmahera Selatan,MALUKU UTARA,0,-0.3955,127.90833,251690,97756|97781|97782|97783|97791|97792
288,Kabupaten Kulon Progo,Kulon Progo,DI YOGYAKARTA,0,-7.81256,110.15133,408811,55651|55652|55653|55654|55655|55661|55663|55664|55671|55672|55673|55674
289,Kota Ternate,Ternate,MALUKU UTARA,1,0.89618,127.31016,205001,97711|97712|97713|97714|97715|97716|97717|97718|97719|97721|97722|97723|97724|97725|97726|97727|97728|97729|97751
290,Kota Jayapura,Jayapura,PAPUA,1,-2.64647,140.77779,256705,99111|99112|99113|99114|99115|99116|99117|99221|99222|99223|99224|99225|99226|99351|99352|99353|99354|99356|99357|99358|99359|99361|99362|99364
291,Kabupaten Mamasa,Mamasa,SULAWESI BARAT,0,-2.96492,119.30631,163383,91361|91362|91363|91364|91365|91366|91371|91372|91373
292,Kota Pagar Alam,Pagar Alam,SUMATERA SELATAN,1,-4.13055,103.26822,131075,31511|31512|31513|31514|31515|31516|31517|31519|31521|31522|31526|31527|31529|31551
293,Kota Prabumulih,Prabumulih,SUMATERA SELATAN,1,-3.46202,104.2229,161984,31111|31112|31113|31115|31116|31117|31121|31122|31123|31124|31125|31126|31127|31131|31132|31133|31134|31135|31141|31142|31143|31144|31145|31146
294,Kabupaten Lamongan,Lamongan,JAWA TIMUR,0,-7.13333,112.31667,1179059,62211|62212|62213|62214|62215|62216|62217|62218|62252|62253|62254|62255|62256|62257|62261|62262|62263|62264|62265|62271|62272|62273|62274|62275|62276|62281|62282|62283|62284|62291|62292|62293
295,Kota Langsa,Langsa,ACEH,1,4.47,97.93,185971,24410|24411|24412|24413|24414|24415|24416|24451
296,Kabupaten Gayo Lues,Gayo Lues,ACEH,0,3.95,97.39,101102,24653|24654|24655|24656
297,Kabupaten Pidie,Pidie,ACEH,0,5.08,96.11,439398,24111|24112|24113|24114|24115|24116|24118|24119|24151|24152|24153|24161|24162|24163|24164|24165|24166|24167|24171|24172|24173|24174|24181|24182|24183|24186
298,Kabupaten Nias Selatan,Nias Selatan,SUMATERA UTARA,0,0.77,97.75,305573,22864|22865|22866|22867|22873|22874|22881
299,Kabupaten Muara Enim,Muara Enim,SUMATERA SELATAN,0,-4.2327,103.6141,754687,31171|31172|31173|31211|31212|31213|31214|31311|31312|31313|31314|31315|31351|31352|31355|31356|31357|31626|31711|31712|31713
300,Kabupaten Biak Numfor,Biak Numfor,PAPUA,0,-0.98333,136.0,126798,98111|98112|98113|98114|98115|98116|98118|98119|98152|98153|98154|98155|98156|98157|98158|98171|98172
301,Kabupaten Sarmi,Sarmi,PAPUA,0,-2.31667,139.1,41515,99355|99371|99372|99373|99374
302,Kabupaten Keerom,Keerom,PAPUA,0,-3.33333,140.68333,62157,99465|99466|99467|99468|99469
303,Kabupaten Sumenep,Sumenep,JAWA TIMUR,0,-6.98333,113.81667,1134810,69412|69413|69414|69415|69416|69417|69451|69452|69453|69454|69455|69456|69457|69461|69462|69463|69465|69466|69467|69471|69472|69473|69474|69481|69482|69483|69484|69485|69491|69492|69493
304,Kabupaten Sijunjung,Sijunjung,SUMATERA BARAT,0,-0.64866,101.06793,235045,27511|27553|27561|27562|27563|27564|27571|27572
305,Kabupaten Mesuji,Mesuji,LAMPUNG,0,-4.0439,105.4013,197437,34598|34684|34696|34697|34698
306,Kabupaten Pidie Jaya,Pidie Jaya,ACEH,0,5.15,96.21667,160327,24184|24185|24186|24187|24188
307,Kota Subulussalam,Subulussalam,ACEH,1,2.73333,97.93333,95199,24782|24786
308,Kabupaten Sumbawa,Sumbawa,NUSA TENGGARA BARAT,0,-8.7439,117.3324,517777,84311|84312|84313|84314|84315|84316|84317|84318|84352|84353|84361|84371|84372|84373|84381|84382|84383|84384
309,Kabupaten Tanah Datar,Tanah Datar,SUMATERA BARAT,0,-0.4555,100.5771,371704,27151|27211|27213|27216|27261|27262|27263|27264|27265|27271|27281|27282|27292|27294
310,Kabupaten Bengkalis,Bengkalis,RIAU,0,1.29882,101.54527,582973,28711|28712|28713|28714|28754|28761|28771|28781|28784
311,Kabupaten Labuhan Batu Selatan,Labuhan Batu Selatan,SUMATERA UTARA,0,1.983,100.0976,286173,21461|21463|21464|21465
312,Kabupaten Bulungan,Bulungan,KALIMANTAN UTARA,0,3.0,117.16667,151844,77211|77212|77214|77215|77216|77217|77261|77263|77281
313,Kabupaten Tarakan,Tarakan,KALIMANTAN UTARA,0,3.35,117.6,242786,77111|77112|77113|77114|77115|77116|77123|77124|77125|77126
314,Kabupaten Malinau,Malinau,KALIMANTAN UTARA,0,2.48333,115.71667,83796,77155|77554|77555|77562|77571|77572|77573
315,Kabupaten Nunukan,Nunukan,KALIMANTAN UTARA,0,4.1,116.68333,203220,77453|77456|77457|77482|77483
316,Kabupaten Tana Tidung,Tana Tidung,KALIMANTAN UTARA,0,3.55,116.96667,0,77152|77453
317,Kabupaten Lombok Utara,Lombok Utara,NUSA TENGGARA BARAT,0,-8.35214,116.40152,251451,83352|83353|83354
318,Kota Bima,Bima,NUSA TENGGARA BARAT,1,-8.46728,118.75259,156224,84111|84112|84113|84114|84115|84116|84117|84118|84119|84152|84153|84161|84162|84171|84172|84173|84181|84182|84191
319,Kabupaten Lingga,Lingga,KEPULAUAN RIAU,0,-0.5091,104.41448,98633,29871|29872|29873|29874|29875
320,Kabupaten Landak,Landak,KALIMANTAN BARAT,0,0.42373,109.75917,329649,79355|79356|79357|79358|79362|79363|79364|79365|79366|79367
321,Kabupaten Bengkayang,Bengkayang,KALIMANTAN BARAT,0,1.06911,109.66393,296855,79181|79211|79212|79213|79214|79251|79271|79281|79283|79284|79285|79286
322,Kabupaten Natuna,Natuna,KEPULAUAN RIAU,0,4.71417,107.97639,81495,29781|29782|29783|29784
323,Kabupaten Kepulauan Mentawai,Kepulauan Mentawai,SUMATERA BARAT,0,-1.35927,98.89552,87623,25391|25392|25393|25394
324,Kabupaten Kepulauan Anambas,Kepulauan Anambas,KEPULAUAN RIAU,0,2.93966,105.76071,47402,29783|29791|29792
325,Kabupaten Pulang Pisau,Pulang Pisau,KALIMANTAN TENGAH,0,-3.11858,113.8623,134499,74812|74813|74816|74821|74831|74841|74861|74862|74863|74871|74872|74873|74874
326,Kabupaten Bintan,Bintan,KEPULAUAN RIAU,0,0.95,104.61944,159518,29132|29133|29134|29135|29136|29151|29152|29193
327,Kabupaten Mandailing Natal,Mandailing Natal,SUMATERA UTARA,0,0.78378,99.25495,426194,22911|22912|22913|22915|22916|22917|22918|22919|22952|22976|22977|22978|22983|22987|22988|22989|22994|22998
328,Kabupaten Humbang Hasundutan,Humbang Hasundutan,SUMATERA UTARA,0,2.26551,98.50376,175548,22454|22455|22456|22457|22475
329,Kabupaten Samosir,Samosir,SUMATERA UTARA,0,2.64025,98.71525,123869,22391|22392|22393|22394|22395|22396
330,Kabupaten Pasaman,Pasaman,SUMATERA BARAT,0,0.42503,99.94606,299851,26311|26318|26352|26353|26381
331,Kabupaten Pasaman Barat,Pasaman Barat,SUMATERA BARAT,0,0.28152,99.51965,431672,26366|26561|26566|26567|26571|26572|26573
332,Kabupaten Kuantan Singingi,Kuantan Singingi,RIAU,0,-0.47532,101.45857,345850,29511|29512|29513|29514|29515|29553|29555|29556|29561|29563|29564|29565|29566
333,Kabupaten Pelalawan,Pelalawan,RIAU,0,0.20822,102.18607,410988,28353|28381|28382|28383|28384
334,Kabupaten Ogan Ilir,Ogan Ilir,SUMATERA SELATAN,0,-3.43186,104.62727,396384,30653|30661|30664|30812|30813|30814|30815|30816|30817|30862|30865|30866|30867|30868|30869
335,Kabupaten Way Kanan,Way Kanan,LAMPUNG,0,-4.44705,104.52753,429062,34761|34762|34763|34764|34765|34766|34767|34768|34769
336,Kabupaten Tulangbawang,Tulangbawang,LAMPUNG,0,-4.20604,105.57999,431208,34595|34596|34611|34613|34614|34615|34616|34617|34618|34619|34681|34682
337,Kabupaten Lembata,Lembata,NUSA TENGGARA TIMUR,0,-8.41396,123.55225,139787,86611|86612|86613|86615|86616|86681|86682|86683|86684|86685|86691|86692
338,Kabupaten Manggarai Barat,Manggarai Barat,NUSA TENGGARA TIMUR,0,-8.64484,119.88281,263687,86752|86753|86754|86756|86757
339,Kabupaten Balangan,Balangan,KALIMANTAN SELATAN,0,-2.32314,115.62922,134512,71614|71616|71617|71618|71661|71662|71663|71664|71665|71666
340,Kabupaten Bone Bolango,Bone Bolango,GORONTALO,0,0.50296,123.27501,164277,96582|96583|96584|96585
341,Kabupaten Boalemo,Boalemo,GORONTALO,0,0.62689,122.3568,147038,96261|96262|96263|96264|96265
342,Kabupaten Pohuwato,Pohuwato,GORONTALO,0,0.7098,121.59582,147689,96265|96266|96466|96467|96468|96469
343,Tojo Una-Una Regency,Tojo Una-Una Regency,SULAWESI TENGAH,0,-1.2036,121.48201,137810,94681|94682|94683|94684|94691|94692
344,Kabupaten Parigi Moutong,Parigi Moutong,SULAWESI TENGAH,0,0.3368,120.17841,446712,94471|94473|94474|94475|94476|94479
345,Kabupaten Banggai Kepulauan,Banggai Kepulauan,SULAWESI TENGAH,0,-1.30236,123.03726,171627,94714|94881|94882|94883|94884|94885|94891|94892
346,Morowali Regency,Morowali Regency,SULAWESI TENGAH,0,-2.76062,121.95267,176244,94965|94966|94971|94972|94973|94974|94975|94976
347,Kabupaten Luwu Timur,Luwu Timur,SULAWESI SELATAN,0,-2.5321,121.12305,305521,91981|92932|92933|92935|92936|92937|92971|92972|92973|92975|92981|92982|92983|92985
348,Kabupaten Kolaka Utara,Kolaka Utara,SULAWESI TENGGARA,0,-3.10452,121.12427,121340,93911|93912|93913|93914|93915|93916|93954|93955|93956|93957|93958
349,Kabupaten Kepulauan Aru,Kepulauan Aru,MALUKU,0,-6.17059,134.46991,84138,97662|97663|97664|97665|97666|97667|97668
350,Kabupaten Halmahera Barat,Halmahera Barat,MALUKU UTARA,0,1.41709,127.55264,100424,97752|97753|97754|97755
351,Kabupaten Penajam Paser Utara,Penajam Paser Utara,KALIMANTAN TIMUR,0,-1.20333,116.57169,183043,76141|76142|76143|76144|76145|76146|76147|76148|76149|76284|76285
352,Kabupaten Toba Samosir,Toba Samosir,SUMATERA UTARA,0,2.39793,99.21678,181371,22311|22312|22313|22314|22315|22316|22381|22382|22383|22384|22385|22386
353,Kabupaten Solok Selatan,Solok Selatan,SUMATERA BARAT,0,-1.23333,101.417,182027,27775|27776|27777|27778|27779
354,Kabupaten Banyu Asin,Banyu Asin,SUMATERA SELATAN,0,-2.88333,104.38306,773587,30911|30912|30913|30914|30915|30916|30953|30958|30959|30961|30962|30967|30968|30971|30972|30974|30975
355,Kabupaten Lampung Timur,Lampung Timur,LAMPUNG,0,-5.10273,105.68003,1127946,34182|34192|34194|34196|34198|34199|34331|34332|34333|34335|34371|34372|34373|34375|34376|34377|34381|34382|34384|34385|34386|34387|34388|34389|34391|34396
356,Kabupaten Rote Ndao,Rote Ndao,NUSA TENGGARA TIMUR,0,-10.73617,123.12054,148811,85912|85913|85914|85916|85917|85918|85972|85973|85974|85981|85982|85983
357,Kabupaten Luwu Utara,Luwu Utara,SULAWESI SELATAN,0,-2.6,120.25,327820,91854|91966|92912|92913|92914|92915|92916|92917|92953|92954|92955|92956|92957|92961|92963|92964|92965
358,Kabupaten Halmahera Utara,Halmahera Utara,MALUKU UTARA,0,1.73194,128.00778,161847,97752|97755|97761|97762|97764
359,Kabupaten Ende,Ende,NUSA TENGGARA TIMUR,0,-8.84056,121.66389,273553,86111|86312|86313|86314|86315|86316|86317|86318|86319|86352|86353|86361|86362|86371|86372|86374|86375|86376|86377|86378|86379|86381|86382
360,Kabupaten Gorontalo Utara,Gorontalo Utara,GORONTALO,0,0.86508,123.04891,104133,96252|96253|96254|96524|96525
361,Kabupaten Minahasa Utara,Minahasa Utara,SULAWESI UTARA,0,1.4025,124.96,188904,95371|95372|95373|95375|95376|95377|95378|95379
362,Kabupaten Maluku Tengah,Maluku Tengah,MALUKU,0,-3.29167,128.9675,427050,97511|97512|97513|97514|97515|97516|97553|97557|97558|97581|97582|97591|97592|97593
363,Kabupaten Seram Bagian Barat,Seram Bagian Barat,MALUKU,0,-3.1027,128.42996,212960,97561|97562|97566|97567
364,Kabupaten Ogan Komering Ulu Selatan,Ogan Komering Ulu Selatan,SUMATERA SELATAN,0,-4.65728,104.00659,329795,32211|32264|32265|32272|32273|32274|32276|32277|32278|32279
365,Kabupaten Lamandau,Lamandau,KALIMANTAN TENGAH,0,-1.83828,111.2869,63199,74162|74611|74612|74663|74664
366,Kabupaten Buru,Buru,MALUKU,0,-3.32767,126.68413,137990,97571|97572|97574
367,Wakatobi Regency,Wakatobi Regency,SULAWESI TENGGARA,0,-5.31934,123.5948,113122,93791|93792|93793|93794|93795
368,Kabupaten Konawe,Konawe,SULAWESI TENGGARA,0,-3.91717,122.08823,241982,93351|93353|93354|93393|93411|93412|93413|93414|93415|93416|93417|93418|93419|93452|93461|93463|93464|93771
369,Kabupaten Konawe Selatan,Konawe Selatan,SULAWESI TENGGARA,0,-4.19191,122.44854,312674,93395|93811|93812|93813|93814|93815|93816|93818|93819|93871|93873|93874|93875|93881|93883|93884|93885|93891|93892
370,Kabupaten Seram Bagian Timur,Seram Bagian Timur,MALUKU,0,-3.39851,130.39167,137972,97554|97555|97594|97595|97596|97597|97598|97599
371,Kabupaten Teluk Bintuni,Teluk Bintuni,PAPUA BARAT,0,-1.88037,133.33105,52422,98363|98364|98365|98373
372,Kabupaten Dharmasraya,Dharmasraya,SUMATERA BARAT,0,-1.2506,101.58645,228591,27573|27678|27681|27684
373,Lahat Regency,Lahat Regency,SUMATERA SELATAN,0,-3.7864,103.5428,382898,31356|31411|31412|31413|31414|31415|31416|31417|31418|31419|31452|31453|31461|31462|31471|31581|31591
374,Kabupaten Ogan Komering Ulu Timur,Ogan Komering Ulu Timur,SUMATERA SELATAN,0,-3.85679,104.75209,628205,32184|32185|32311|32312|32313|32314|32315|32361|32362|32366|32367|32381|32382|32383|32384|32385|32386|32387
375,Kabupaten Lampung Barat,Lampung Barat,LAMPUNG,0,-5.14904,104.19309,437952,34811|34812|34813|34814|34815|34816|34817|34818|34871|34872|34876|34879|34881|34882|34884|34885
376,Kabupaten Sekadau,Sekadau,KALIMANTAN BARAT,0,0.03485,110.95066,214429,79511|79512|79513|79514|79515|79516|79582|79583|79584|79585|79586|79587|79588
377,Kabupaten Sukamara,Sukamara,KALIMANTAN TENGAH,0,-2.62675,111.23681,66845,74171|74172|74173
378,Kabupaten Bombana,Bombana,SULAWESI TENGGARA,0,-4.6257,121.81641,139235,93771|93772|93773|93774|93781|93783
379,Kabupaten Kepulauan Sula,Kepulauan Sula,MALUKU UTARA,0,-1.8646,125.69046,132524,97792|97793|97794|97795
380,Kabupaten Kepulauan Yapen,Kepulauan Yapen,PAPUA,0,-1.78773,136.27716,114210,98211|98212|98213|98214|98215|98252|98253|98254|98255
381,Kabupaten Supiori,Supiori,PAPUA,0,-0.73881,135.61111,22547,98161|98162
382,Kabupaten Tanah Bumbu,Tanah Bumbu,KALIMANTAN SELATAN,0,-3.45413,115.70372,335079,72211|72212|72213|72214|72215|72216|72217|72218|72271|72272|72273|72274|72275
383,Kabupaten Sigi,Sigi,SULAWESI TENGAH,0,-1.385,119.96694,266812,94112|94361|94362|94363|94364
384,Kabupaten Muaro Jambi,Muaro Jambi,JAMBI,0,-1.55214,103.82163,412830,36361|36364|36365|36371|36373|36381|36382
385,Kabupaten Bangka Selatan,Bangka Selatan,KEPULAUAN BANGKA BELITUNG,0,-2.66803,106.01257,198189,33777|33778|33782|33783|33791
386,Kabupaten Bangka Tengah,Bangka Tengah,KEPULAUAN BANGKA BELITUNG,0,-2.33989,106.1142,198946,33674|33675|33681|33684
387,Kabupaten Bangka Barat,Bangka Barat,KEPULAUAN BANGKA BELITUNG,0,-1.95839,105.53741,204612,33311|33312|33313|33351|33362|33364|33365|33366
388,Kabupaten Belitung Timur,Belitung Timur,KEPULAUAN BANGKA BELITUNG,0,-2.9627,108.15216,127018,33511|33512|33513|33514|33515|33516|33517|33561|33562|33571
389,Kabupaten Karimun,Karimun,KEPULAUAN RIAU,0,0.80764,103.41911,266177,29661|29662|29663|29664
390,Kabupaten Padang Lawas Utara,Padang Lawas Utara,SUMATERA UTARA,0,1.46011,99.67346,241966,22733|22741|22747|22753|22756|22762
391,Kabupaten Batu Bara,Batu Bara,SUMATERA UTARA,0,3.16166,99.52652,401477,21252|21253|21254|21255|21256|21257|21258
392,Kabupaten Padang Lawas,Padang Lawas,SUMATERA UTARA,0,1.15659,99.81136,232215,22742|22755|22762|22763|22765|22774
393,Kabupaten Labuhan Batu Utara,Labuhan Batu Utara,SUMATERA UTARA,0,2.33349,99.63776,354079,21452|21454|21455|21457|21474|21475
394,Kabupaten Bengkulu Tengah,Bengkulu Tengah,BENGKULU,0,-3.67775,102.39648,119814,38371|38372|38375|38376|38377|38378|38379|38382|38383|38385|38386
395,Kabupaten Bolaang Mongondow Selatan,Bolaang Mongondow Selatan,SULAWESI UTARA,0,0.40912,123.75961,57001,95774|95775
396,Kabupaten Bolaang Mongondow Timur,Bolaang Mongondow Timur,SULAWESI UTARA,0,0.72073,124.50256,63654,95775|95781|95782
397,Kabupaten Bolaang Mongondow Utara,Bolaang Mongondow Utara,SULAWESI UTARA,0,0.78527,123.41766,70693,95762|95763|95764|95765
398,Kota Bontang,Bontang,KALIMANTAN TIMUR,1,0.12526,117.49603,180843,75311|75312|75313|75314|75321|75324|75325|75383
399,Kabupaten Buru Selatan,Buru Selatan,MALUKU,0,-3.52187,126.59271,77287,97512|97572|97573|97574
400,Kabupaten Buton Utara,Buton Utara,SULAWESI TENGGARA,0,-5.01457,122.93015,67714,93671|93672|93673
401,Kota Dumai,Dumai,RIAU,1,1.61592,101.4917,257330,28811|28812|28813|28814|28815|28816|28821|28822|28823|28824|28825|28826|28882
402,Kabupaten Empat Lawang,Empat Lawang,SUMATERA SELATAN,0,-3.71629,102.94511,227604,31453|31592|31593|31594|31595|31596
403,Kabupaten Manokwari Selatan,Manokwari Selatan,PAPUA BARAT,0,-1.60532,134.00313,35949,98353|98355|98359
404,Kabupaten Pangandaran,Pangandaran,JAWA BARAT,0,-7.6673,108.64037,0,46267|46365|46371|46372|46384|46391|46392|46393|46394|46395|46396|46397
405,Kabupaten Pegunungan Arfak,Pegunungan Arfak,PAPUA BARAT,0,-1.20256,133.70651,38941,98315|98352|98354|98357|98358|98359
406,Kabupaten Kaur,Kaur,BENGKULU,0,-4.78179,103.36109,129661,38955|38956|38961|38962|38963|38964|38965
407,Kabupaten Kayong Utara,Kayong Utara,KALIMANTAN BARAT,0,-1.06023,110.10402,131104,78852|78853|78855|78856|78857
408,Kabupaten Kepahiang,Kepahiang,BENGKULU,0,-3.60194,102.56424,149737,39371|39372|39373|39374
409,Kabupaten Kepulauan Meranti,Kepulauan Meranti,RIAU,0,0.97488,102.69539,213532,28752|28753|28755
410,Kabupaten Kepulauan Talaud,Kepulauan Talaud,SULAWESI UTARA,0,4.31178,126.78085,83434,95871|95872|95881|95882|95883|95884|95885
411,Kabupaten Konawe Utara,Konawe Utara,SULAWESI TENGGARA,0,-3.41552,121.99081,67871,93352|93353
412,Kota Kotamobagu,Kotamobagu,SULAWESI UTARA,1,0.68915,124.32678,107459,95711|95712|95713|95714|95715|95716|95717|95718|95719
413,Kabupaten Kubu Raya,Kubu Raya,KALIMANTAN BARAT,0,-0.31924,109.51865,622217,78234|78355|78381|78382|78383|78384|78385|78391|78392|78393
414,Kabupaten Kutai Barat,Kutai Barat,KALIMANTAN TIMUR,0,-0.59417,115.51575,172288,75576|75763|75765|75766|75767|75768|75769|75772|75773|75774|75775|75776|75777|75778|75779
415,Kabupaten Kutai Kartanegara,Kutai Kartanegara,KALIMANTAN TIMUR,0,-0.44019,116.98139,738189,75251|75254|75256|75261|75262|75263|75264|75265|75266|75267|75271|75273|75274|75276|75277|75279|75381|75382|75385|75391|75511|75512|75513|75514|75515|75517|75552|75553|75557|75558|75559|75561|75562|75564|75571|75572|76131
416,Kabupaten Lebong,Lebong,BENGKULU,0,-3.24278,102.3349,107248,39261|39262|39263|39264|39265|39267|39268|39269
417,Kota Lubuklinggau,Lubuklinggau,SUMATERA SELATAN,1,-3.29308,102.85503,234166,31611|31613|31614|31615|31616|31617|31618|31619|31621|31622|31624|31625|31626|31627|31628
418,Kabupaten Maluku Barat Daya,Maluku Barat Daya,MALUKU,0,-7.8296,126.17386,82560,97128|97452|97454|97652
419,Kabupaten Maluku Tenggara Barat,Maluku Tenggara Barat,MALUKU,0,-7.61186,131.38,124787,97453|97463|97464
420,Kabupaten Mamberamo Raya,Mamberamo Raya,PAPUA,0,-2.23561,137.78229,36989,98262|99375|99376|99377
421,Kabupaten Mamuju Utara,Mamuju Utara,SULAWESI BARAT,0,-1.51639,119.42139,198608,91512|91571|91572|91573|91574
422,Kabupaten Manggarai Timur,Manggarai Timur,NUSA TENGGARA TIMUR,0,-8.55533,120.59761,280732,86571|86572|86581|86582|86583|86584
423,Kabupaten Melawi,Melawi,KALIMANTAN BARAT,0,-0.33617,111.698,235025,79671|79672|79673|79674|79675|79681|79682
424,Kabupaten Merangin,Merangin,JAMBI,0,-2.06933,102.13303,357577,37311|37312|37313|37314|37352|37353|37354|37356|37361|37371|37372
425,Kota Metro,Metro,LAMPUNG,1,-5.11856,105.29949,168575,34111|34112|34113|34114|34117|34118|34119|34121|34122|34123|34124|34125
426,Kabupaten Minahasa Tenggara,Minahasa Tenggara,SULAWESI UTARA,0,1.05633,124.7925,100443,95995|95996|95997|95998
427,Kabupaten Mukomuko,Mukomuko,BENGKULU,0,-3.07438,101.54766,196571,38711|38713|38714|38764|38765|38766|38767|38768
428,Kabupaten Nagekeo,Nagekeo,NUSA TENGGARA TIMUR,0,-8.8721,121.20963,166002,86462|86463|86464|86472
429,Kabupaten Nias Barat,Nias Barat,SUMATERA UTARA,0,1.05966,97.58606,89308,22812|22814|22862|22863|22864|22867|22875
430,Kabupaten Nias Utara,Nias Utara,SUMATERA UTARA,0,1.33037,97.31964,130335,22814|22816|22817|22851|22852|22853|22857|22861
431,Kota Palopo,Palopo,SULAWESI SELATAN,1,-2.97841,120.11078,190867,91911|91912|91913|91914|91921|91922|91923|91924|91925|91926|91958|91959
432,Kota Pariaman,Pariaman,SUMATERA BARAT,1,-0.62682,100.12047,94224,25511|25512|25513|25514|25515|25516|25517|25518|25519|25521|25522|25523|25524|25526|25529|25531|25532|25533|25534|25535|25536|25537|25538|25539
433,Kabupaten Paser,Paser,KALIMANTAN TIMUR,0,-1.43517,116.23535,230316,76251|76252|76253|76261|76271|76281|76282|76283
434,Kabupaten Pesawaran,Pesawaran,LAMPUNG,0,-5.4298,105.17899,487153,35353|35363|35366|35367|35368|35451|35453
435,Kabupaten Pringsewu,Pringsewu,LAMPUNG,0,-5.42211,104.93454,408415,35372|35373|35375|35376|35674|35682
436,Kabupaten Pulau Morotai,Pulau Morotai,MALUKU UTARA,0,2.19924,128.40546,78270,97771|97772|97773|97774|97775|97776|97777
437,Kabupaten Rokan Hilir,Rokan Hilir,RIAU,0,2.16599,100.82514,658407,28911|28912|28913|28914|28953|28983|28991|28992
438,Kabupaten Siak,Siak,RIAU,0,0.97453,102.01355,477550,28654|28662|28671|28685|28686|28763|28772|28773
439,Kabupaten Sabu Raijua,Sabu Raijua,NUSA TENGGARA TIMUR,0,-10.56286,121.78894,92792,85391|85392|85393
440,Kabupaten Seluma,Seluma,BENGKULU,0,-3.96644,102.47429,213755,38873|38874|38875|38876|38877|38878|38881|38882|38883|38884|38885|38886|38887|38888
441,Kota Serang,Serang,BANTEN,1,-6.12563,106.14999,720362,42111|42112|42113|42114|42115|42116|42117|42118|42119|42121|42122|42123|42124|42125|42126|42127|42128|42161|42162|42163|42164|42165|42166|42167|42168|42171|42172|42173|42174|42175|42176|42177|42178|42181|42182|42183|42184|42185|42186|42191|42192|42193|42194|42195|42196|42453|42454|42455
442,Kota Singkawang,Singkawang,KALIMANTAN BARAT,1,0.90734,109.00103,241467,79111|79112|79113|79114|79115|79116|79121|79122|79123|79124|79151|79163|79251
443,Kabupaten Sumba Barat Daya,Sumba Barat Daya,NUSA TENGGARA TIMUR,0,-9.56216,119.08905,308106,87252|87253|87254|87255|87261|87262|87263
444,Kabupaten Sumba Tengah,Sumba Tengah,NUSA TENGGARA TIMUR,0,-9.62941,119.61914,90482,87258|87282|87283
445,Kota Sungai Penuh,Sungai Penuh,JAMBI,1,-2.10896,101.32175,99233,37111|37112|37113|37114|37152|37171
446,Kota Tangerang Selatan,Tangerang Selatan,BANTEN,1,-6.29373,106.71244,1378466,15220|15221|15222|15223|15224|15225|15226|15227|15228|15229|15310|15311|15312|15313|15314|15315|15318|15320|15321|15322|15323|15324|15325|15326|15411|15412|15413|15414|15415|15416|15417|15418|15419
447,Kabupaten Tanggamus,Tanggamus,LAMPUNG,0,-5.38508,104.62349,652898,35374|35377|35378|35379|35382|35384|35386|35387|35611|35613|35675|35679|35682|35683|35684|35686
448,Kabupaten Tanjung Jabung Barat,Tanjung Jabung Barat,JAMBI,0,-1.1544,103.24402,326530,36511|36514|36552|36553|36554|36555
449,Kabupaten Tanjung Jabung Timur,Tanjung Jabung Timur,JAMBI,0,-1.13198,103.61755,234164,36572|36761|36763|36764|36771|36772|36773
450,Kabupaten Tebo,Tebo,JAMBI,0,-1.45576,102.37473,337669,37259|37553|37554|37571|37572|37573
451,Kota Tidore Kepulauan,Tidore Kepulauan,MALUKU UTARA,1,0.60962,127.56981,118247,97811|97812|97813|97852
452,Kabupaten Toli-Toli,Toli-Toli,SULAWESI TENGAH,0,1.30862,120.88643,228641,94511|94512|94513|94514|94515|94516|94517|94518|94552|94553|94554|94561|94562
453,Kota Tomohon,Tomohon,SULAWESI UTARA,1,1.31307,124.83404,91553,95411|95412|95413|95414|95415|95416|95417|95418|95419|95421|95422|95423|95424|95425|95431|95432|95433|95434|95435|95436|95437|95438|95439|95441|95442|95443|95444|95445|95446|95447|95449
454,Kabupaten Toraja Utara,Toraja Utara,SULAWESI SELATAN,0,-2.92738,119.79218,268198,91831|91832|91833|91834|91835|91852|91853|91854|91855|91862|92119
455,Kota Tual,Tual,MALUKU,1,-5.64301,132.74935,93145,97611|97652
456,Kabupaten Tulang Bawang Barat,Tulang Bawang Barat,LAMPUNG,0,-4.43356,105.16004,289620,34388|34594|34683|34691|34693
457,Kota Gunungsitoli,Gunungsitoli,SUMATERA UTARA,1,1.32731,97.55018,134511,22811|22812|22814|22851|22871
458,Kabupaten Kutai Timur,Kutai Timur,KALIMANTAN TIMUR,0,1.03769,117.83112,425613,75555|75556|75618|75619|75654|75655|75656|75683|75684|75685
459,Kabupaten Administrasi Kepulauan Seribu,Administrasi Kepulauan Seribu,DKI JAKARTA,0,-5.80308,106.52257,27749,14510|14520|14530|14540
460,Kota Batu,Batu,JAWA TIMUR,1,-7.83272,112.53751,190184,65311|65312|65313|65314|65315|65316|65317|65318|65321|65322|65323|65324|65325|65326|65327|65331|65332|65333|65334|65335|65336|65337|65338
461,Kota Tangerang,Tangerang,BANTEN,1,-6.17944,106.62991,3352472,15111|15112|15113|15114|15115|15116|15117|15118|15119|15121|15122|15123|15124|15125|15126|15127|15128|15129|15131|15132|15133|15134|15135|15136|15137|15138|15139|15141|15142|15143|15144|15145|15146|15147|15148|15151|15152|15153|15154|15155|15156|15157|15158|15159|15211|15212|15213|15214|15215|15330|15331|15332|15334|15335|15336|15337|15338|15339|15340|15341|15342|15343|15344|15345|15510|15520|15530|15540|15550|15560|15570|15610|15620|15710|15720|15730|15810|15820
462,Kota Batam,Batam,KEPULAUAN RIAU,1,1.05211,104.02851,1196396,29412|29413|29414|29416|29422|29424|29425|29426|29427|29428|29431|29432|29433|29437|29438|29439|29441|29443|29444|29445|29452|29453|29454|29458|29461|29464|29465|29466|29467|29468|29471|29472|29473|29474|29475|29476|29481|29482|29483|29484|29485|29486|29487
463,Kota Tanjung Pinang,Tanjung Pinang,KEPULAUAN RIAU,1,0.91683,104.44329,239854,29111|29112|29113|29114|29115|29122|29123|29124|29125
464,Kota Banjar,Banjar,JAWA BARAT,1,-7.36996,108.53209,185503,46311|46312|46313|46314|46315|46316|46317|46321|46322|46323|46324|46325|46326|46327|46331|46332|46333|46334|46335|46342|46343|46344
